id,word,word_nikud,category,transliteration,translation_en,audio_file,difficulty,tags,images
1,אני,אֲנִי,כינויי גוף,Ani,I,pronoun_ani.wav,1,כינויי_גוף,
2,אתה,אַתָּה,כינויי גוף,Atah,"You (m, sg)",pronoun_atah.wav,1,כינויי_גוף,
3,את,אַתְּ,כינויי גוף,At,"You (f, sg)",pronoun_at.wav,1,כינויי_גוף,
4,הוא,הוּא,כינויי גוף,Hu,He,pronoun_hu.wav,1,כינויי_גוף,
5,היא,הִיא,כינויי גוף,Hi,She,pronoun_hi.wav,1,כינויי_גוף,
6,אנחנו,אֲנַחְנוּ,כינויי גוף,Anachnu,We,pronoun_anachnu.wav,1,כינויי_גוף,
7,אתם,אַתֶּם,כינויי גוף,Atem,"You (m, pl)",pronoun_atem.wav,1,כינויי_גוף,
8,אתן,אַתֶּן,כינויי גוף,Aten,"You (f, pl)",pronoun_aten.wav,1,כינויי_גוף,
9,הם,הֵם,כינויי גוף,Hem,"They (m, pl)",pronoun_hem.wav,1,כינויי_גוף,
10,הן,הֵן,כינויי גוף,Hen,"They (f, pl)",pronoun_hen.wav,1,כינויי_גוף,
11,אחת,אַחַת,מספרים,Achat,One (f),number_1_f.wav,1,מספרים,
12,שתים,שְׁתַּיִם,מספרים,Shtayim,Two (f),number_2_f.wav,1,מספרים,
13,אדם,אָדֹם,צבעים,Adom,Red,color_adom.wav,1,צבעים,
14,כחל,כָּחֹל,צבעים,Kachol,Blue,color_kachol.wav,1,צבעים,
15,ירק,יָרֹק,צבעים,Yarok,Green,color_yarok.wav,1,צבעים,
16,צהב,צָהֹב,צבעים,Tzahov,Yellow,color_tzahov.wav,1,צבעים,
17,שחור,שָׁחוֹר,צבעים,Shachor,Black,color_shachor.wav,1,צבעים,
18,לבן,לָבָן,צבעים,Lavan,White,color_lavan.wav,1,צבעים,
19,מי,מִי,מילות שאלה,Mi,Who,question_mi.wav,1,מילות_שאלה,
20,מה,מָה,מילות שאלה,Ma,What,question_ma.wav,1,מילות_שאלה,
21,מתי,מָתַי,מילות שאלה,Matay,When,question_matay.wav,1,מילות_שאלה,
22,איפה,אֵיפֹה,מילות שאלה,Eifo,Where,question_eifo.wav,1,מילות_שאלה,
23,למה,לָמָּה,מילות שאלה,Lama,Why,question_lama.wav,1,מילות_שאלה,
24,איך,אֵיךְ,מילות שאלה,Eich,How,question_eich.wav,1,מילות_שאלה,
25,כמה,כַּמָּה,מילות שאלה,Kama,How much/many,question_kama.wav,1,מילות_שאלה,
26,גדול,גָּדוֹל,שמות תואר,Gadol,Big,adj_gadol.wav,2,שמות_תואר,
27,קטן,קָטָן,שמות תואר,Katan,Small,adj_katan.wav,2,שמות_תואר,
28,טוב,טוֹב,שמות תואר,Tov,Good,adj_tov.wav,2,שמות_תואר,
29,רע,רַע,שמות תואר,Ra,Bad,adj_ra.wav,2,שמות_תואר,
30,חדש,חָדָשׁ,שמות תואר,Chadash,New,adj_chadash.wav,2,שמות_תואר,
31,ישן,יָשָׁן,שמות תואר,Yashan,Old,adj_yashan.wav,2,שמות_תואר,
32,חם,חַם,שמות תואר,Cham,Hot,adj_cham.wav,2,שמות_תואר,
33,קר,קַר,שמות תואר,Kar,Cold,adj_kar.wav,2,שמות_תואר,
34,להיות,לִהְיוֹת,פעלים,Lihyot,To be,verb_lihyot.wav,2,פעלים,
35,לעשות,לַעֲשׂוֹת,פעלים,La'asot,To do/make,verb_laasot.wav,2,פעלים,
36,ללכת,לָלֶכֶת,פעלים,Lalechet,To go/walk,verb_lalechet.wav,2,פעלים,
37,לבוא,לָבוֹא,פעלים,Lavo,To come,verb_lavo.wav,2,פעלים,
38,לאכל,לֶאֱכֹל,פעלים,Le'echol,To eat,verb_leechol.wav,2,פעלים,
39,לשתות,לִשְׁתּוֹת,פעלים,Lishtot,To drink,verb_lishtot.wav,2,פעלים,
40,לראות,לִרְאוֹת,פעלים,Lir'ot,To see,verb_lirot.wav,2,פעלים,
41,לשמע,לִשְׁמֹעַ,פעלים,Lishmoa,To hear,verb_lishmoa.wav,2,פעלים,
42,לדבר,לְדַבֵּר,פעלים,Ledaber,To speak,verb_ledaber.wav,2,פעלים,
43,לתת,לָתֵת,פעלים,Latet,To give,verb_latet.wav,2,פעלים,
44,אבא,אַבָּא,בני משפחה,Aba,Father/Dad,family_aba.wav,1,בני_משפחה,
45,אמא,אִמָּא,בני משפחה,Ima,Mother/Mom,family_ima.wav,1,בני_משפחה,
46,אח,אָח,בני משפחה,Ach,Brother,family_ach.wav,1,בני_משפחה,
47,אחות,אָחוֹת,בני משפחה,Achot,Sister,family_achot.wav,1,בני_משפחה,
48,סבא,סַבָּא,בני משפחה,Saba,Grandfather,family_saba.wav,1,בני_משפחה,
49,סבתא,סָבְתָא,בני משפחה,Savta,Grandmother,family_savta.wav,1,בני_משפחה,
50,בן,בֵּן,בני משפחה,Ben,Son,family_ben.wav,1,בני_משפחה,
51,בת,בַּת,בני משפחה,Bat,Daughter,family_bat.wav,1,בני_משפחה,
52,שמח,שַׂמֵחַ,תחושות ורגשות,Same'ach,Happy,feeling_sameach.wav,3,תחושות_ורגשות,
53,עצוב,עָצוּב,תחושות ורגשות,Atzuv,Sad,feeling_atzuv.wav,3,תחושות_ורגשות,
54,כועס,כּוֹעֵס,תחושות ורגשות,Ko'es,Angry,feeling_koes.wav,3,תחושות_ורגשות,
55,עיף,עָיֵף,תחושות ורגשות,Ayef,Tired,feeling_ayef.wav,3,תחושות_ורגשות,
56,רעב,רָעֵב,תחושות ורגשות,Ra'ev,Hungry,feeling_raev.wav,3,תחושות_ורגשות,
57,צמא,צָמֵא,תחושות ורגשות,Tzame,Thirsty,feeling_tzame.wav,3,תחושות_ורגשות,
58,חולה,חוֹלֶה,תחושות ורגשות,Chole,Sick,feeling_chole.wav,3,תחושות_ורגשות,
59,בריא,בָּרִיא,תחושות ורגשות,Bari,Healthy,feeling_bari.wav,3,תחושות_ורגשות,
60,מפחד,מְפַחֵד,תחושות ורגשות,Mefached,Scared/Afraid,feeling_mefached.wav,3,תחושות_ורגשות,
61,אוהב,אוֹהֵב,תחושות ורגשות,Ohev,"Love (verb, m)",feeling_ohev.wav,3,תחושות_ורגשות,
62,בית,בַּיִת,בית וחפצים,Bayit,House/Home,home_bayit.wav,2,בית_וחפצים,
63,דלת,דֶּלֶת,בית וחפצים,Delet,Door,home_delet.wav,2,בית_וחפצים,
64,חלון,חַלּוֹן,בית וחפצים,Chalon,Window,home_chalon.wav,2,בית_וחפצים,
65,שלחן,שֻׁלְחָן,בית וחפצים,Shulchan,Table,home_shulchan.wav,2,בית_וחפצים,
66,כסא,כִּסֵּא,בית וחפצים,Kise,Chair,home_kise.wav,2,בית_וחפצים,
67,מטה,מִטָּה,בית וחפצים,Mita,Bed,home_mita.wav,2,בית_וחפצים,
68,מטבח,מִטְבָּח,בית וחפצים,Mitbach,Kitchen,home_mitbach.wav,2,בית_וחפצים,
69,מקלחת,מִקְלַחַת,בית וחפצים,Miklachat,Shower,home_miklachat.wav,2,בית_וחפצים,
70,טלויזיה,טֶלֶוִיזְיָה,בית וחפצים,Televizia,Television,home_televizia.wav,2,בית_וחפצים,
71,מחשב,מַחְשֵׁב,בית וחפצים,Machshev,Computer,home_machshev.wav,2,בית_וחפצים,
72,כלב,כֶּלֶב,בעלי חיים,Kelev,Dog,animal_kelev.wav,2,בעלי_חיים,
73,חתול,חָתוּל,בעלי חיים,Chatul,Cat,animal_chatul.wav,2,בעלי_חיים,
74,אריה,אַרְיֵה,בעלי חיים,Arye,Lion,animal_arye.wav,2,בעלי_חיים,
75,צפור,צִפּוֹר,בעלי חיים,Tzipor,Bird,animal_tzipor.wav,2,בעלי_חיים,
76,דג,דָּג,בעלי חיים,Dag,Fish,animal_dag.wav,2,בעלי_חיים,
77,סוס,סוּס,בעלי חיים,Sus,Horse,animal_sus.wav,2,בעלי_חיים,
78,פרה,פָּרָה,בעלי חיים,Para,Cow,animal_para.wav,2,בעלי_חיים,
79,נחש,נָחָשׁ,בעלי חיים,Nachash,Snake,animal_nachash.wav,2,בעלי_חיים,
80,לחם,לֶחֶם,מזון ומשקאות,Lechem,Bread,food_lechem.wav,2,מזון_ומשקאות,
81,מים,מַיִם,מזון ומשקאות,Mayim,Water,food_mayim.wav,2,מזון_ומשקאות,
82,חלב,חָלָב,מזון ומשקאות,Chalav,Milk,food_chalav.wav,2,מזון_ומשקאות,
83,פרי,פְּרִי,מזון ומשקאות,Pri,Fruit,food_pri.wav,2,מזון_ומשקאות,
84,ירק,יֶרֶק,מזון ומשקאות,Yerek,Vegetable,food_yerek.wav,2,מזון_ומשקאות,
85,בשר,בָּשָׂר,מזון ומשקאות,Basar,Meat,food_basar.wav,2,מזון_ומשקאות,
86,עוף,עוֹף,מזון ומשקאות,Of,Chicken,food_of.wav,2,מזון_ומשקאות,
87,ביצה,בֵּיצָה,מזון ומשקאות,Beitza,Egg,food_beitza.wav,2,מזון_ומשקאות,
88,גבינה,גְּבִינָה,מזון ומשקאות,Gvina,Cheese,food_gvina.wav,2,מזון_ומשקאות,
89,מיץ,מִיץ,מזון ומשקאות,Mitz,Juice,food_mitz.wav,2,מזון_ומשקאות,
90,יום,יוֹם,מושגי זמן,Yom,Day,time_yom.wav,3,מושגי_זמן,
91,לילה,לַיְלָה,מושגי זמן,Layla,Night,time_layla.wav,3,מושגי_זמן,
92,בקר,בֹּקֶר,מושגי זמן,Boker,Morning,time_boker.wav,3,מושגי_זמן,
93,ערב,עֶרֶב,מושגי זמן,Erev,Evening,time_erev.wav,3,מושגי_זמן,
94,שבוע,שָׁבוּעַ,מושגי זמן,Shavua,Week,time_shavua.wav,3,מושגי_זמן,
95,חדש,חֹדֶשׁ,מושגי זמן,Chodesh,Month,time_chodesh.wav,3,מושגי_זמן,
96,שנה,שָׁנָה,מושגי זמן,Shana,Year,time_shana.wav,3,מושגי_זמן,
97,אתמול,אֶתְמוֹל,מושגי זמן,Etmol,Yesterday,time_etmol.wav,3,מושגי_זמן,
98,היום,הַיּוֹם,מושגי זמן,Hayom,Today,time_hayom.wav,3,מושגי_זמן,
99,מחר,מָחָר,מושגי זמן,Machar,Tomorrow,time_machar.wav,3,מושגי_זמן,
100,שעה,שָׁעָה,מושגי זמן,Sha'a,Hour,time_shaa.wav,3,מושגי_זמן,
101,דקה,דַּקָּה,מושגי זמן,Daka,Minute,time_daka.wav,3,מושגי_זמן,
102,חולצה,חוּלְצָה,ביגוד והנעלה,Chultza,Shirt,clothing_chultza.wav,3,ביגוד_והנעלה,
103,מכנסים,מִכְנָסַיִם,ביגוד והנעלה,Michnasayim,Pants,clothing_michnasayim.wav,3,ביגוד_והנעלה,
104,שמלה,שִׂמְלָה,ביגוד והנעלה,Simla,Dress,clothing_simla.wav,3,ביגוד_והנעלה,
105,נעלים,נַעֲלַיִם,ביגוד והנעלה,Na'alayim,Shoes,clothing_naalayim.wav,3,ביגוד_והנעלה,
106,כובע,כּוֹבַע,ביגוד והנעלה,Kova,Hat,clothing_kova.wav,3,ביגוד_והנעלה,
107,מעיל,מְעִיל,ביגוד והנעלה,Me'il,Coat/Jacket,clothing_meil.wav,3,ביגוד_והנעלה,
108,גרבים,גַּרְבַּיִם,ביגוד והנעלה,Garbayim,Socks,clothing_garbayim.wav,3,ביגוד_והנעלה,
109,מורה,מוֹרֶה,מקצועות ועיסוקים,Moreh,Teacher (m),job_moreh.wav,3,מקצועות_ועיסוקים,
110,מורה,מוֹרָה,מקצועות ועיסוקים,Mora,Teacher (f),job_mora.wav,3,מקצועות_ועיסוקים,
111,רופא,רוֹפֵא,מקצועות ועיסוקים,Rofe,Doctor (m),job_rofe.wav,3,מקצועות_ועיסוקים,
112,רופאה,רוֹפְאָה,מקצועות ועיסוקים,Rof'a,Doctor (f),job_rofa.wav,3,מקצועות_ועיסוקים,
113,שוטר,שׁוֹטֵר,מקצועות ועיסוקים,Shoter,Policeman,job_shoter.wav,3,מקצועות_ועיסוקים,
114,מהנדס,מְהַנְדֵּס,מקצועות ועיסוקים,Mehandes,Engineer,job_mehandes.wav,3,מקצועות_ועיסוקים,
115,טבח,טַבָּח,מקצועות ועיסוקים,Tabach,Cook/Chef,job_tabach.wav,3,מקצועות_ועיסוקים,
116,נהג,נַהָג,מקצועות ועיסוקים,Nahag,Driver,job_nahag.wav,3,מקצועות_ועיסוקים,
117,חיל,חַיָּל,מקצועות ועיסוקים,Chayal,Soldier,job_chayal.wav,3,מקצועות_ועיסוקים,
118,בתספר,בֵּתסֵפֶר,מקומות,Beit Sefer,School,place_beit_sefer.wav,3,מקומות,
119,בתחולים,בֵּתחוֹלִים,מקומות,Beit Cholim,Hospital,place_beit_cholim.wav,3,מקומות,
120,חנות,חֲנוּת,מקומות,Chanut,Store/Shop,place_chanut.wav,3,מקומות,
121,רחוב,רְחוֹב,מקומות,Rechov,Street,place_rechov.wav,3,מקומות,
122,עיר,עִיר,מקומות,Ir,City,place_ir.wav,3,מקומות,
123,ים,יָם,מקומות,Yam,Sea,place_yam.wav,3,מקומות,
124,הר,הַר,מקומות,Har,Mountain,place_har.wav,3,מקומות,
125,יער,יַעַר,מקומות,Ya'ar,Forest,place_yaar.wav,3,מקומות,
126,שדה,שָׂדֶה,מקומות,Sadeh,Field,place_sadeh.wav,3,מקומות,
127,יום ראשון,יוֹם רִאשׁוֹן,ימות השבוע,Yom Rishon,Sunday,day_rishon.wav,3,ימות_השבוע,
128,יום שני,יוֹם שֵׁנִי,ימות השבוע,Yom Sheni,Monday,day_sheni.wav,3,ימות_השבוע,
129,יום שלישי,יוֹם שְׁלִישִׁי,ימות השבוע,Yom Shlishi,Tuesday,day_shlishi.wav,3,ימות_השבוע,
130,יום רביעי,יוֹם רְבִיעִי,ימות השבוע,Yom Revi'i,Wednesday,day_revii.wav,3,ימות_השבוע,
131,יום חמישי,יוֹם חֲמִישִׁי,ימות השבוע,Yom Chamishi,Thursday,day_chamishi.wav,3,ימות_השבוע,
132,יום ששי,יוֹם שִׁשִּׁי,ימות השבוע,Yom Shishi,Friday,day_shishi.wav,3,ימות_השבוע,
133,שבת,שַׁבָּת,ימות השבוע,Shabbat,Saturday/Sabbath,day_shabbat.wav,3,ימות_השבוע,
134,ב...,בְּ...,מילות יחס,Be...,In/At,prep_be.wav,4,מילות_יחס,
135,ל...,לְ...,מילות יחס,Le...,To/For,prep_le.wav,4,מילות_יחס,
136,מ...,מִ...,מילות יחס,Mi...,From,prep_mi.wav,4,מילות_יחס,
137,על,עַל,מילות יחס,Al,On/About,prep_al.wav,4,מילות_יחס,
138,עם,עִם,מילות יחס,Im,With,prep_im.wav,4,מילות_יחס,
139,של,שֶׁל,מילות יחס,Shel,Of (belonging to),prep_shel.wav,4,מילות_יחס,
140,את,אֶת,מילות יחס,Et,(Direct object marker),prep_et.wav,4,מילות_יחס,
141,בין,בֵּין,מילות יחס,Bein,Between/Among,prep_bein.wav,4,מילות_יחס,
142,לפני,לִפְנֵי,מילות יחס,Lifnei,Before,prep_lifnei.wav,4,מילות_יחס,
143,אחרי,אַחֲרֵי,מילות יחס,Acharei,After,prep_acharei.wav,4,מילות_יחס,
144,תחת,תַּחַת,מילות יחס,Tachat,Under,prep_tachat.wav,4,מילות_יחס,
145,ליד,לְיַד,מילות יחס,Leyad,Next to/Near,prep_leyad.wav,4,מילות_יחס,
146,ראש,רֹאשׁ,חלקי גוף,Rosh,Head,body_rosh.wav,2,חלקי_גוף,
147,עין,עַיִן,חלקי גוף,Ayin,Eye,body_ayin.wav,2,חלקי_גוף,
148,אזן,אֹזֶן,חלקי גוף,Ozen,Ear,body_ozen.wav,2,חלקי_גוף,
149,אף,אַף,חלקי גוף,Af,Nose,body_af.wav,2,חלקי_גוף,
150,פה,פֶּה,חלקי גוף,Peh,Mouth,body_peh.wav,2,חלקי_גוף,
151,יד,יָד,חלקי גוף,Yad,Hand,body_yad.wav,2,חלקי_גוף,
152,רגל,רֶגֶל,חלקי גוף,Regel,Leg/Foot,body_regel.wav,2,חלקי_גוף,
153,שער,שֵׂעָר,חלקי גוף,Se'ar,Hair,body_sear.wav,2,חלקי_גוף,
154,לב,לֵב,חלקי גוף,Lev,Heart,body_lev.wav,2,חלקי_גוף,
155,בטן,בֶּטֶן,חלקי גוף,Beten,Stomach,body_beten.wav,2,חלקי_גוף,
156,שמים,שָׁמַיִם,טבע ומזג אוויר,Shamayim,Sky,nature_shamayim.wav,3,טבע_ומזג_אוויר,
157,אדמה,אֲדָמָה,טבע ומזג אוויר,Adama,Earth/Ground,nature_adama.wav,3,טבע_ומזג_אוויר,
158,אויר,אֲוִיר,טבע ומזג אוויר,Avir,Air,nature_avir.wav,3,טבע_ומזג_אוויר,
159,אש,אֵשׁ,טבע ומזג אוויר,Esh,Fire,nature_esh.wav,3,טבע_ומזג_אוויר,
160,גשם,גֶּשֶׁם,טבע ומזג אוויר,Geshem,Rain,nature_geshem.wav,3,טבע_ומזג_אוויר,
161,שלג,שֶׁלֶג,טבע ומזג אוויר,Sheleg,Snow,nature_sheleg.wav,3,טבע_ומזג_אוויר,
162,שמש,שֶׁמֶשׁ,טבע ומזג אוויר,Shemesh,Sun,nature_shemesh.wav,3,טבע_ומזג_אוויר,
163,ענן,עָנָן,טבע ומזג אוויר,Anan,Cloud,nature_anan.wav,3,טבע_ומזג_אוויר,
164,רוח,רוּחַ,טבע ומזג אוויר,Ruach,Wind,nature_ruach.wav,3,טבע_ומזג_אוויר,
165,פרח,פֶּרַח,טבע ומזג אוויר,Perach,Flower,nature_perach.wav,3,טבע_ומזג_אוויר,
166,עץ,עֵץ,טבע ומזג אוויר,Etz,Tree,nature_etz.wav,3,טבע_ומזג_אוויר,
167,לחשב,לַחְשֹׁב,פעלים נוספים,Lachshov,To think,verb_lachshov.wav,3,פעלים_נוספים,
168,ללמד,לִלְמֹד,פעלים נוספים,Lilmod,To learn,verb_lilmod.wav,3,פעלים_נוספים,
169,להבין,לְהָבִין,פעלים נוספים,Lehavin,To understand,verb_lehavin.wav,3,פעלים_נוספים,
170,לשאל,לִשְׁאֹל,פעלים נוספים,Lish'ol,To ask,verb_lishol.wav,3,פעלים_נוספים,
171,לענות,לַעֲנוֹת,פעלים נוספים,La'anot,To answer,verb_laanot.wav,3,פעלים_נוספים,
172,לעבד,לַעֲבֹד,פעלים נוספים,La'avod,To work,verb_laavod.wav,3,פעלים_נוספים,
173,לשחק,לְשַׂחֵק,פעלים נוספים,Lesachek,To play,verb_lesachek.wav,3,פעלים_נוספים,
174,לקרא,לִקְרֹא,פעלים נוספים,Likro,To read,verb_likro.wav,3,פעלים_נוספים,
175,לכתב,לִכְתֹּב,פעלים נוספים,Lichtov,To write,verb_lichtov.wav,3,פעלים_נוספים,
176,לנוח,לָנוּחַ,פעלים נוספים,Lanuach,To rest,verb_lanuach.wav,3,פעלים_נוספים,
177,לעזר,לַעֲזֹר,פעלים נוספים,La'azor,To help,verb_laazor.wav,3,פעלים_נוספים,
178,לרוץ,לָרוּץ,פעלים נוספים,Larutz,To run,verb_larutz.wav,3,פעלים_נוספים,
179,ו...,וְ...,מילות קישור,Ve...,And,connector_ve.wav,3,מילות_קישור,
180,אבל,אֲבָל,מילות קישור,Aval,But,connector_aval.wav,3,מילות_קישור,
181,או,אוֹ,מילות קישור,O,Or,connector_o.wav,3,מילות_קישור,
182,אם,אִם,מילות קישור,Im,If,connector_im.wav,3,מילות_קישור,
183,כי,כִּי,מילות קישור,Ki,Because,connector_ki.wav,3,מילות_קישור,
184,אז,אָז,מילות קישור,Az,So/Then,connector_az.wav,3,מילות_קישור,
185,גם,גַּם,מילות קישור,Gam,Also/Too,connector_gam.wav,3,מילות_קישור,
186,שלש,שָׁלֹשׁ,מספרים,Shalosh,Three,number_3.wav,1,מספרים,
187,ארבע,אַרְבַּע,מספרים,Arba,Four,number_4.wav,1,מספרים,
188,חמש,חָמֵשׁ,מספרים,Chamesh,Five,number_5.wav,1,מספרים,
189,אופנים,אוֹפַנַּיִם,תחבורה,Ofanayim,Bicycle,transport_ofanayim.wav,3,תחבורה,
190,סירה,סִירָה,תחבורה,Sira,Boat,transport_sira.wav,3,תחבורה,
191,רעיון,רַעְיוֹן,מושגים מופשטים,Ra'ayon,Idea,abstract_raayon.wav,3,מושגים_מופשטים,
192,בעיה,בְּעָיָה,מושגים מופשטים,Be'aya,Problem,abstract_beaya.wav,3,מושגים_מופשטים,
193,שאלה,שְׁאֵלָה,מושגים מופשטים,She'ela,Question,abstract_sheela.wav,3,מושגים_מופשטים,
194,תשובה,תְּשׁוּבָה,מושגים מופשטים,Tshuva,Answer,abstract_tshuva.wav,3,מושגים_מופשטים,
195,אהבה,אַהֲבָה,מושגים מופשטים,Ahava,Love,abstract_ahava.wav,3,מושגים_מופשטים,
196,שלום,שָׁלוֹם,מושגים מופשטים,Shalom,Peace,abstract_shalom.wav,3,מושגים_מופשטים,
197,אמת,אֱמֶת,מושגים מופשטים,Emet,Truth,abstract_emet.wav,3,מושגים_מופשטים,
198,שקר,שֶׁקֶר,מושגים מופשטים,Sheker,Lie,abstract_sheker.wav,3,מושגים_מופשטים,
199,חיים,חַיִּים,מושגים מופשטים,Chayim,Life,abstract_chayim.wav,3,מושגים_מופשטים,
200,עולם,עוֹלָם,מושגים מופשטים,Olam,World,abstract_olam.wav,3,מושגים_מופשטים,
201,קל,קַל,שמות תואר נוספים,Kal,Easy,adj_kal.wav,3,שמות_תואר_נוספים,
202,קשה,קָשֶׁה,שמות תואר נוספים,Kasheh,Hard/Difficult,adj_kasheh.wav,3,שמות_תואר_נוספים,
203,מלא,מָלֵא,שמות תואר נוספים,Male,Full,adj_male.wav,3,שמות_תואר_נוספים,
204,ריק,רֵיק,שמות תואר נוספים,Rek,Empty,adj_rek.wav,3,שמות_תואר_נוספים,
205,נקי,נָקִי,שמות תואר נוספים,Naki,Clean,adj_naki.wav,3,שמות_תואר_נוספים,
206,מלכלך,מְלֻכְלָךְ,שמות תואר נוספים,Meluchlach,Dirty,adj_meluchlach.wav,3,שמות_תואר_נוספים,
207,ארך,אָרֹךְ,שמות תואר נוספים,Aroch,Long,adj_aroch.wav,3,שמות_תואר_נוספים,
208,קצר,קָצָר,שמות תואר נוספים,Katzar,Short,adj_katzar.wav,3,שמות_תואר_נוספים,
209,חזק,חָזָק,שמות תואר נוספים,Chazak,Strong,adj_chazak.wav,3,שמות_תואר_נוספים,
210,חלש,חַלָּשׁ,שמות תואר נוספים,Chalash,Weak,adj_chalash.wav,3,שמות_תואר_נוספים,
211,מהיר,מָהִיר,שמות תואר נוספים,Mahir,Fast,adj_mahir.wav,3,שמות_תואר_נוספים,
212,אטי,אִטִּי,שמות תואר נוספים,Iti,Slow,adj_iti.wav,3,שמות_תואר_נוספים,
213,יקר,יָקָר,שמות תואר נוספים,Yakar,Expensive,adj_yakar.wav,3,שמות_תואר_נוספים,
214,זול,זוֹל,שמות תואר נוספים,Zol,Cheap,adj_zol.wav,3,שמות_תואר_נוספים,
215,פתוח,פָּתוּחַ,שמות תואר נוספים,Patu'ach,Open,adj_patuach.wav,3,שמות_תואר_נוספים,
216,סגור,סָגוּר,שמות תואר נוספים,Sagur,Closed,adj_sagur.wav,3,שמות_תואר_נוספים,
217,כל,כֹּל,כמויות,Kol,All/Every,quantity_kol.wav,3,כמויות,
218,הרבה,הַרְבֵּה,כמויות,Harbe,A lot/Many,quantity_harbe.wav,3,כמויות,
219,קצת,קְצָת,כמויות,Ktzat,A little/A few,quantity_ktzat.wav,3,כמויות,
220,מעט,מְעַט,כמויות,Me'at,Few,quantity_meat.wav,3,כמויות,
221,מספיק,מַסְפִּיק,כמויות,Maspik,Enough,quantity_maspik.wav,3,כמויות,
222,יותר,יוֹתֵר,כמויות,Yoter,More,quantity_yoter.wav,3,כמויות,
223,פחות,פָּחוֹת,כמויות,Pachot,Less,quantity_pachot.wav,3,כמויות,
224,כלום,כְּלוּם,כמויות,Klum,Nothing,quantity_klum.wav,3,כמויות,
225,משהו,מַשֶּׁהוּ,כמויות,Mashehu,Something,quantity_mashehu.wav,3,כמויות,
226,להרגיש,לְהַרְגִּישׁ,פעלים - חושים ותפיסה,Lehargish,To feel,verb_lehargish.wav,3,פעלים_-_חושים_ותפיסה,
227,להסתכל,לְהִסְתַּכֵּל,פעלים - חושים ותפיסה,Lehistakel,To look,verb_lehistakel.wav,3,פעלים_-_חושים_ותפיסה,
228,להקשיב,לְהַקְשִׁיב,פעלים - חושים ותפיסה,Lehakshiv,To listen,verb_lehakshiv.wav,3,פעלים_-_חושים_ותפיסה,
229,לזכר,לִזְכֹּר,פעלים - חושים ותפיסה,Lizkor,To remember,verb_lizkor.wav,3,פעלים_-_חושים_ותפיסה,
230,לשכח,לִשְׁכֹּחַ,פעלים - חושים ותפיסה,Lishko'ach,To forget,verb_lishkoach.wav,3,פעלים_-_חושים_ותפיסה,
231,לדעת,לָדַעַת,פעלים - חושים ותפיסה,Lada'at,To know,verb_ladaat.wav,3,פעלים_-_חושים_ותפיסה,
232,להאמין,לְהַאֲמִין,פעלים - חושים ותפיסה,Leha'amin,To believe,verb_lehaamin.wav,3,פעלים_-_חושים_ותפיסה,
233,לקוות,לְקַוּוֹת,פעלים - חושים ותפיסה,Lekavot,To hope,verb_lekavot.wav,3,פעלים_-_חושים_ותפיסה,
234,לחלום,לַחֲלוֹם,פעלים - חושים ותפיסה,Lachalom,To dream,verb_lachalom.wav,3,פעלים_-_חושים_ותפיסה,
235,תלמיד,תַּלְמִיד,לימודים ובית ספר,Talmid,Student (m),school_talmid.wav,3,לימודים_ובית_ספר,
236,תלמידה,תַּלְמִידָה,לימודים ובית ספר,Talmida,Student (f),school_talmida.wav,3,לימודים_ובית_ספר,
237,שעור,שִׁעוּר,לימודים ובית ספר,Shi'ur,Lesson,school_shiur.wav,3,לימודים_ובית_ספר,
238,מבחן,מִבְחָן,לימודים ובית ספר,Mivchan,Test/Exam,school_mivchan.wav,3,לימודים_ובית_ספר,
239,מחברת,מַחְבֶּרֶת,לימודים ובית ספר,Machberet,Notebook,school_machberet.wav,3,לימודים_ובית_ספר,
240,לוח,לוּחַ,לימודים ובית ספר,Lu'ach,Board,school_luach.wav,3,לימודים_ובית_ספר,
241,הפסקה,הַפְסָקָה,לימודים ובית ספר,Hafsaka,Break/Recess,school_hafsaka.wav,3,לימודים_ובית_ספר,
242,כסף,כֶּסֶף,כסף ומסחר,Kesef,Money,commerce_kesef.wav,3,כסף_ומסחר,
243,מחיר,מְחִיר,כסף ומסחר,Mechir,Price,commerce_mechir.wav,3,כסף_ומסחר,
244,לקנות,לִקְנוֹת,כסף ומסחר,Liknot,To buy,commerce_liknot.wav,3,כסף_ומסחר,
245,למכר,לִמְכֹּר,כסף ומסחר,Limkor,To sell,commerce_limkor.wav,3,כסף_ומסחר,
246,חשבון,חֶשְׁבּוֹן,כסף ומסחר,Cheshbon,Bill/Account,commerce_cheshbon.wav,3,כסף_ומסחר,
247,עדף,עֹדֶף,כסף ומסחר,Odef,Change (money),commerce_odef.wav,3,כסף_ומסחר,
248,ארנק,אַרְנָק,כסף ומסחר,Arnak,Wallet,commerce_arnak.wav,3,כסף_ומסחר,
249,ימין,יָמִין,כיוונים ומיקומים,Yamin,Right,direction_yamin.wav,3,כיוונים_ומיקומים,
250,שמאל,שְׂמֹאל,כיוונים ומיקומים,Smol,Left,direction_smol.wav,3,כיוונים_ומיקומים,
251,למעלה,לְמַעְלָה,כיוונים ומיקומים,Lemala,Up/Upstairs,direction_lemala.wav,3,כיוונים_ומיקומים,
252,למטה,לְמַטָּה,כיוונים ומיקומים,Lemata,Down/Downstairs,direction_lemata.wav,3,כיוונים_ומיקומים,
253,בפנים,בִּפְנִים,כיוונים ומיקומים,Bifnim,Inside,direction_bifnim.wav,3,כיוונים_ומיקומים,
254,בחוץ,בַּחוּץ,כיוונים ומיקומים,Bachutz,Outside,direction_bachutz.wav,3,כיוונים_ומיקומים,
255,קדימה,קָדִימָה,כיוונים ומיקומים,Kadima,Forward,direction_kadima.wav,3,כיוונים_ומיקומים,
256,אחורה,אָחוֹרָה,כיוונים ומיקומים,Achora,Backward,direction_achora.wav,3,כיוונים_ומיקומים,
257,ישר,יָשָׁר,כיוונים ומיקומים,Yashar,Straight,direction_yashar.wav,3,כיוונים_ומיקומים,
258,מרכז,מֶרְכָּז,כיוונים ומיקומים,Merkaz,Center,direction_merkaz.wav,3,כיוונים_ומיקומים,
259,להתחיל,לְהַתְחִיל,פעלים נוספים,Lehatchil,To start/begin,verb_lehatchil.wav,3,פעלים_נוספים,
260,לגמר,לִגְמֹר,פעלים נוספים,Ligmor,To finish,verb_ligmor.wav,3,פעלים_נוספים,
261,לקבל,לְקַבֵּל,פעלים נוספים,Lekabel,To receive/get,verb_lekabel.wav,3,פעלים_נוספים,
262,לשלח,לִשְׁלֹחַ,פעלים נוספים,Lishlo'ach,To send,verb_lishloach.wav,3,פעלים_נוספים,
263,לחכות,לְחַכּוֹת,פעלים נוספים,Lechakot,To wait,verb_lechakot.wav,3,פעלים_נוספים,
264,לחפש,לְחַפֵּשׂ,פעלים נוספים,Lechapes,To search/look for,verb_lechapes.wav,3,פעלים_נוספים,
265,למצא,לִמְצֹא,פעלים נוספים,Limtzo,To find,verb_limtzo.wav,3,פעלים_נוספים,
266,להצליח,לְהַצְלִיחַ,פעלים נוספים,Lehatzli'ach,To succeed,verb_lehatzliach.wav,3,פעלים_נוספים,
267,להכשל,לְהִכָּשֵׁל,פעלים נוספים,Lehikashel,To fail,verb_lehikashel.wav,3,פעלים_נוספים,
268,לבדק,לִבְדֹּק,פעלים נוספים,Livdok,To check,verb_livdok.wav,3,פעלים_נוספים,
269,לגעת,לָגַעַת,פעלים נוספים,Laga'at,To touch,verb_lagaat.wav,3,פעלים_נוספים,
270,התחלה,הַתְחָלָה,מושגים מופשטים,Hatchala,Beginning,abstract_hatchala.wav,3,מושגים_מופשטים,
271,סוף,סוֹף,מושגים מופשטים,Sof,End,abstract_sof.wav,3,מושגים_מופשטים,
272,סבה,סִבָּה,מושגים מופשטים,Siba,Reason/Cause,abstract_siba.wav,3,מושגים_מופשטים,
273,דרך,דֶּרֶךְ,מושגים מופשטים,Derech,Way/Road,abstract_derech.wav,3,מושגים_מופשטים,
274,חלק,חֵלֶק,מושגים מופשטים,Chelek,Part,abstract_chelek.wav,3,מושגים_מופשטים,
275,הבדל,הֶבְדֵּל,מושגים מופשטים,Hevdel,Difference,abstract_hevdel.wav,3,מושגים_מופשטים,
276,דוגמה,דּוּגְמָה,מושגים מופשטים,Dugma,Example,abstract_dugma.wav,3,מושגים_מופשטים,
277,קול,קוֹל,מושגים מופשטים,Kol,Voice/Sound,abstract_kol.wav,3,מושגים_מופשטים,
278,צבע,צֶבַע,מושגים מופשטים,Tzeva,Color,abstract_tzeva.wav,3,מושגים_מופשטים,
279,צורה,צוּרָה,מושגים מופשטים,Tzura,Shape/Form,abstract_tzura.wav,3,מושגים_מופשטים,
280,סכר,סֻכָּר,מזון ומשקאות,Sukar,Sugar,food_sukar.wav,2,מזון_ומשקאות,
281,מלח,מֶלַח,מזון ומשקאות,Melach,Salt,food_melach.wav,2,מזון_ומשקאות,
282,שמן,שֶׁמֶן,מזון ומשקאות,Shemen,Oil,food_shemen.wav,2,מזון_ומשקאות,
283,עוגה,עוּגָה,מזון ומשקאות,Uga,Cake,food_uga.wav,2,מזון_ומשקאות,
284,תה,תֶּה,מזון ומשקאות,Teh,Tea,food_teh.wav,2,מזון_ומשקאות,
285,קפה,קָפֶה,מזון ומשקאות,Kafeh,Coffee,food_kafeh.wav,2,מזון_ומשקאות,
286,לפגש,לִפְגֹּשׁ,פעלים נוספים,Lifgosh,To meet,verb_lifgosh.wav,3,פעלים_נוספים,
287,להזמין,לְהַזְמִין,פעלים נוספים,Lehazmin,To invite/To order,verb_lehazmin.wav,3,פעלים_נוספים,
288,לבנות,לִבְנוֹת,פעלים נוספים,Livnot,To build,verb_livnot.wav,3,פעלים_נוספים,
289,לשבר,לִשְׁבֹּר,פעלים נוספים,Lishbor,To break,verb_lishbor.wav,3,פעלים_נוספים,
290,לבחר,לִבְחֹר,פעלים נוספים,Livchor,To choose,verb_livchor.wav,3,פעלים_נוספים,
291,לשלם,לְשַׁלֵּם,פעלים נוספים,Leshalem,To pay,verb_leshalem.wav,3,פעלים_נוספים,
292,לנסע,לִנְסֹעַ,פעלים נוספים,Linso'a,To travel/drive,verb_linsoa.wav,3,פעלים_נוספים,
293,לטוס,לָטוּס,פעלים נוספים,Latus,To fly,verb_latus.wav,3,פעלים_נוספים,
294,חשוב,חָשׁוּב,שמות תואר נוספים,Chashuv,Important,adj_chashuv.wav,3,שמות_תואר_נוספים,
295,מענין,מְעַנְיֵן,שמות תואר נוספים,Me'anyen,Interesting,adj_meanyen.wav,3,שמות_תואר_נוספים,
296,משעמם,מְשַׁעֲמֵם,שמות תואר נוספים,Mesha'amem,Boring,adj_meshaamem.wav,3,שמות_תואר_נוספים,
297,אחר,אַחֵר,שמות תואר נוספים,Acher,Different/Other,adj_acher.wav,3,שמות_תואר_נוספים,
298,דומה,דּוֹמֶה,שמות תואר נוספים,Domeh,Similar,adj_domeh.wav,3,שמות_תואר_נוספים,
299,נכון,נָכוֹן,שמות תואר נוספים,Nachon,Correct/Right,adj_nachon.wav,3,שמות_תואר_נוספים,
300,שגוי,שָׁגוּי,שמות תואר נוספים,Shagui,Wrong/Incorrect,adj_shagui.wav,3,שמות_תואר_נוספים,
301,בטוח,בָּטוּחַ,שמות תואר נוספים,Batu'ach,Sure/Safe,adj_batuach.wav,3,שמות_תואר_נוספים,
302,אבן,אֶבֶן,טבע וסביבה,Even,Stone,nature_even.wav,3,טבע_וסביבה,
303,חול,חוֹל,טבע וסביבה,Chol,Sand,nature_chol.wav,3,טבע_וסביבה,
304,נהר,נָהָר,טבע וסביבה,Nahar,River,nature_nahar.wav,3,טבע_וסביבה,
305,אגם,אֲגַם,טבע וסביבה,Agam,Lake,nature_agam.wav,3,טבע_וסביבה,
306,כוכב,כּוֹכָב,טבע וסביבה,Kochav,Star,nature_kochav.wav,3,טבע_וסביבה,
307,חכם,חָכָם,שמות תואר - אישיות,Chacham,Smart/Wise,adj_chacham.wav,3,שמות_תואר_-_אישיות,
308,טפש,טִפֵּשׁ,שמות תואר - אישיות,Tipesh,Stupid/Foolish,adj_tipesh.wav,3,שמות_תואר_-_אישיות,
309,נחמד,נֶחְמָד,שמות תואר - אישיות,Nechmad,Nice,adj_nechmad.wav,3,שמות_תואר_-_אישיות,
310,אדיב,אַדִּיב,שמות תואר - אישיות,Adiv,Kind/Polite,adj_adiv.wav,3,שמות_תואר_-_אישיות,
311,עצלן,עַצְלָן,שמות תואר - אישיות,Atzlan,Lazy,adj_atzlan.wav,3,שמות_תואר_-_אישיות,
312,חרוץ,חָרוּץ,שמות תואר - אישיות,Charutz,Diligent/Hard-working,adj_charutz.wav,3,שמות_תואר_-_אישיות,
313,בישן,בַּיְשָׁן,שמות תואר - אישיות,Bayshan,Shy,adj_bayshan.wav,3,שמות_תואר_-_אישיות,
314,מצחיק,מצחיק,שמות תואר - אישיות,Matzchik,Funny,adj_matzchik.wav,3,שמות_תואר_-_אישיות,
315,לשנא,לִשְׂנֹא,פעלים - רגשות ומחשבה,Lisno,To hate,verb_lisno.wav,3,פעלים_-_רגשות_ומחשבה,
316,לסלח,לִסְלֹחַ,פעלים - רגשות ומחשבה,Lislo'ach,To forgive,verb_lisloach.wav,3,פעלים_-_רגשות_ומחשבה,
317,להבטיח,לְהַבְטִיחַ,פעלים - רגשות ומחשבה,Lehavti'ach,To promise,verb_lehavtiach.wav,3,פעלים_-_רגשות_ומחשבה,
318,להתגעגע,לְהִתְגַּעְגֵּעַ,פעלים - רגשות ומחשבה,Lehitga'age'a,To miss (someone),verb_lehitgaagea.wav,3,פעלים_-_רגשות_ומחשבה,
319,להעדיף,לְהַעֲדִיף,פעלים - רגשות ומחשבה,Leha'adif,To prefer,verb_lehaadif.wav,3,פעלים_-_רגשות_ומחשבה,
320,לדאוג,לדאוג,פעלים - רגשות ומחשבה,Lid'og,To worry,verb_lidog.wav,3,פעלים_-_רגשות_ומחשבה,
321,חג,חַג,חגים ואירועים,Chag,Holiday,event_chag.wav,3,חגים_ואירועים,
322,מסבה,מְסִבָּה,חגים ואירועים,Mesiba,Party,event_mesiba.wav,3,חגים_ואירועים,
323,יום הלדת,יוֹם הֻלֶּדֶת,חגים ואירועים,Yom Huledet,Birthday,event_yom_huledet.wav,3,חגים_ואירועים,
324,חתנה,חֲתֻנָּה,חגים ואירועים,Chatuna,Wedding,event_chatuna.wav,3,חגים_ואירועים,
325,מתנה,מַתָּנָה,חגים ואירועים,Matana,Gift/Present,event_matana.wav,3,חגים_ואירועים,
326,מידע,מֵידָע,מושגים כלליים,Meida,Information,concept_meida.wav,3,מושגים_כלליים,
327,סוד,סוֹד,מושגים כלליים,Sod,Secret,concept_sod.wav,3,מושגים_כלליים,
328,כח,כֹּחַ,מושגים כלליים,Ko'ach,Power/Strength,concept_koach.wav,3,מושגים_כלליים,
329,חדשות,חֲדָשׁוֹת,מושגים כלליים,Chadashot,News,concept_chadashot.wav,3,מושגים_כלליים,
330,ספור,סִפּוּר,מושגים כלליים,Sipur,Story,concept_sipur.wav,3,מושגים_כלליים,
331,זכרון,זִכָּרוֹן,מושגים כלליים,Zikaron,Memory,concept_zikaron.wav,3,מושגים_כלליים,
332,עתיד,עָתִיד,מושגים כלליים,Atid,Future,concept_atid.wav,3,מושגים_כלליים,
333,עבר,עָבָר,מושגים כלליים,Avar,Past,concept_avar.wav,3,מושגים_כלליים,
334,הוה,הֹוֶה,מושגים כלליים,Hoveh,Present (time),concept_hoveh.wav,3,מושגים_כלליים,
335,טלפון,טֶלֶפוֹן,טכנולוגיה ומדיה,Telefon,Telephone,tech_telefon.wav,3,טכנולוגיה_ומדיה,
336,אינטרנט,אִינְטֶרְנֶט,טכנולוגיה ומדיה,Internet,Internet,tech_internet.wav,3,טכנולוגיה_ומדיה,
337,סרט,סֶרֶט,טכנולוגיה ומדיה,Seret,Movie,tech_seret.wav,3,טכנולוגיה_ומדיה,
338,מוזיקה,מוּזִיקָה,טכנולוגיה ומדיה,Muzika,Music,tech_muzika.wav,3,טכנולוגיה_ומדיה,
339,הודעה,הוֹדָעָה,טכנולוגיה ומדיה,Hoda'a,Message,tech_hodaa.wav,3,טכנולוגיה_ומדיה,
340,תמונה,תְּמוּנָה,טכנולוגיה ומדיה,Tmuna,Picture,tech_tmuna.wav,3,טכנולוגיה_ומדיה,
341,תרופה,תְּרוּפָה,בריאות,Trufa,Medicine,health_trufa.wav,3,בריאות,
342,כאב,כְּאֵב,בריאות,Ke'ev,Pain,health_keev.wav,3,בריאות,
343,בריאות,בְּרִיאוּת,בריאות,Bri'ut,Health,health_briut.wav,3,בריאות,
344,פצע,פֶּצַע,בריאות,Petza,Wound/Injury,health_petza.wav,3,בריאות,
345,לנסות,לְנַסּוֹת,פעלים - שינוי ומצב,Lenasot,To try,verb_lenasot.wav,3,פעלים_-_שינוי_ומצב,
346,לשנות,לְשַׁנּוֹת,פעלים - שינוי ומצב,Leshanot,To change,verb_leshanot.wav,3,פעלים_-_שינוי_ומצב,
347,להמשיך,לְהַמְשִׁיךְ,פעלים - שינוי ומצב,Lehamshich,To continue,verb_lehamshich.wav,3,פעלים_-_שינוי_ומצב,
348,לעצר,לַעֲצֹר,פעלים - שינוי ומצב,La'atzor,To stop,verb_laatzor.wav,3,פעלים_-_שינוי_ומצב,
349,לפתח,לִפְתֹּחַ,פעלים - שינוי ומצב,Lifto'ach,To open,verb_liftoach.wav,3,פעלים_-_שינוי_ומצב,
350,לסגר,לִסְגֹּר,פעלים - שינוי ומצב,Lisgor,To close,verb_lisgor.wav,3,פעלים_-_שינוי_ומצב,
351,מוכן,מוּכָן,שמות תואר - מצב,Muchan,Ready,adj_muchan.wav,3,שמות_תואר_-_מצב,
352,עסוק,עָסוּק,שמות תואר - מצב,Asuk,Busy,adj_asuk.wav,3,שמות_תואר_-_מצב,
353,פנוי,פָּנוּי,שמות תואר - מצב,Panui,Free/Available,adj_panui.wav,3,שמות_תואר_-_מצב,
354,אפשרי,אֶפְשָׁרִי,שמות תואר - מצב,Efshari,Possible,adj_efshari.wav,3,שמות_תואר_-_מצב,
355,בלתי אפשרי,בִּלְתִּי אֶפְשָׁרִי,שמות תואר - מצב,Bilti Efshari,Impossible,adj_bilti_efshari.wav,3,שמות_תואר_-_מצב,
356,ש...,שֶׁ...,מילות קישור,She...,That/Who/Which,connector_she.wav,3,מילות_קישור,
357,כמו,כְּמוֹ,מילות קישור,Kmo,Like/As,connector_kmo.wav,3,מילות_קישור,
358,כאשר,כַּאֲשֶׁר,מילות קישור,Ka'asher,When/As,connector_kaasher.wav,3,מילות_קישור,
359,כש...,כְּשֶׁ...,מילות קישור,Kshe...,When (colloquial),connector_kshe.wav,3,מילות_קישור,
360,לכן,לָכֵן,מילות קישור,Lachen,Therefore/So,connector_lachen.wav,3,מילות_קישור,
361,כדי,כְּדֵי,מילות קישור,Kedei,In order to,connector_kedei.wav,3,מילות_קישור,
362,אולי,אוּלַי,מילות קישור,Ulay,Maybe/Perhaps,connector_ulay.wav,3,מילות_קישור,
363,למרות,לַמְרוֹת,מילות קישור,Lamrot,Although/Despite,connector_lamrot.wav,3,מילות_קישור,
364,ככה,כָּכָה,מילות קישור,Kacha,Like this/Thus,connector_kacha.wav,3,מילות_קישור,
365,אלא,אֶלָּא,מילות קישור,Ela,But/Rather,connector_ela.wav,3,מילות_קישור,
366,כלומר,כְּלוֹמַר,מילות קישור,Klomar,Meaning/In other words,connector_klomar.wav,3,מילות_קישור,
367,שחקן,שַׂחְקָן,מקצועות,Sachkan,Actor (m),job_sachkan.wav,3,מקצועות,
368,שחקנית,שַׂחְקָנִית,מקצועות,Sachkanit,Actress (f),job_sachkanit.wav,3,מקצועות,
369,זמר,זַמָּר,מקצועות,Zamar,Singer (m),job_zamar.wav,3,מקצועות,
370,זמרת,זַמֶּרֶת,מקצועות,Zameret,Singer (f),job_zameret.wav,3,מקצועות,
371,מנהל,מְנַהֵל,מקצועות,Menahel,Manager (m),job_menahel.wav,3,מקצועות,
372,מנהלת,מְנַהֶלֶת,מקצועות,Menahelet,Manager (f),job_menahelet.wav,3,מקצועות,
373,עובד,עוֹבֵד,מקצועות,Oved,Worker (m),job_oved.wav,3,מקצועות,
374,עובדת,עוֹבֶדֶת,מקצועות,Ovedet,Worker (f),job_ovedet.wav,3,מקצועות,
375,טובה,טוֹבָה,שמות תואר,Tova,Good (f),adj_tova.wav,2,שמות_תואר,
376,רעה,רָעָה,שמות תואר,Ra'a,Bad (f),adj_ra.wav,2,שמות_תואר,
377,גדולה,גְּדוֹלָה,שמות תואר,Gdola,Big (f),adj_gdola.wav,2,שמות_תואר,
378,קטנה,קְטַנָּה,שמות תואר,Ktana,Small (f),adj_ktana.wav,2,שמות_תואר,
379,חדשה,חֲדָשָׁה,שמות תואר,Chadasha,New (f),adj_chadasha.wav,2,שמות_תואר,
380,ישנה,יְשָׁנָה,שמות תואר,Yeshana,Old (f),adj_yeshana.wav,2,שמות_תואר,
381,חמה,חַמָּה,שמות תואר,Chama,Hot (f),adj_chama.wav,2,שמות_תואר,
382,קרה,קָרָה,שמות תואר,Kara,Cold (f),adj_kara.wav,2,שמות_תואר,
383,יפה,יָפֶה,שמות תואר,Yafeh,Beautiful (m),adj_yafeh.wav,2,שמות_תואר,
384,יפה,יָפָה,שמות תואר,Yafa,Beautiful (f),adj_yafa.wav,2,שמות_תואר,
385,שמחה,שְׂמֵחָה,תחושות ורגשות,Smecha,Happy (f),feeling_smecha.wav,3,תחושות_ורגשות,
386,עצובה,עֲצוּבָה,תחושות ורגשות,Atzuva,Sad (f),feeling_atzuva.wav,3,תחושות_ורגשות,
387,עיפה,עֲיֵפָה,תחושות ורגשות,Ayefa,Tired (f),feeling_ayefa.wav,3,תחושות_ורגשות,
388,רעבה,רְעֵבָה,תחושות ורגשות,Re'eva,Hungry (f),feeling_reeva.wav,3,תחושות_ורגשות,
389,צמאה,צְמֵאָה,תחושות ורגשות,Tzme'a,Thirsty (f),feeling_tzmea.wav,3,תחושות_ורגשות,
390,אומר,אוֹמֵר,פעלים - הווה,Omer,"Says (m, present)",verb_omer.wav,3,פעלים_-_הווה,
391,אומרת,אוֹמֶרֶת,פעלים - הווה,Omeret,"Says (f, present)",verb_omeret.wav,3,פעלים_-_הווה,
392,הולך,הוֹלֵךְ,פעלים - הווה,Holech,"Goes (m, present)",verb_holech.wav,3,פעלים_-_הווה,
393,הולכת,הוֹלֶכֶת,פעלים - הווה,Holechet,"Goes (f, present)",verb_holechet.wav,3,פעלים_-_הווה,
394,בא,בָּא,פעלים - הווה,Ba,"Comes (m, present)",verb_ba.wav,3,פעלים_-_הווה,
395,באה,בָּאָה,פעלים - הווה,Ba'a,"Comes (f, present)",verb_baa.wav,3,פעלים_-_הווה,
396,רואה,רוֹאֶה,פעלים - הווה,Ro'eh,"Sees (m, present)",verb_roeh.wav,3,פעלים_-_הווה,
397,רואה,רוֹאָה,פעלים - הווה,Ro'a,"Sees (f, present)",verb_roa.wav,3,פעלים_-_הווה,
398,שומע,שׁוֹמֵעַ,פעלים - הווה,Shome'a,"Hears (m, present)",verb_shomea.wav,3,פעלים_-_הווה,
399,שומעת,שׁוֹמַעַת,פעלים - הווה,Shoma'at,"Hears (f, present)",verb_shomaat.wav,3,פעלים_-_הווה,
400,יודע,יוֹדֵעַ,פעלים - הווה,Yode'a,"Knows (m, present)",verb_yodea.wav,3,פעלים_-_הווה,
401,יודעת,יוֹדַעַת,פעלים - הווה,Yoda'at,"Knows (f, present)",verb_yodaat.wav,3,פעלים_-_הווה,
402,רוצה,רוֹצֶה,פעלים - הווה,Rotzeh,"Wants (m, present)",verb_rotzeh.wav,3,פעלים_-_הווה,
403,רוצה,רוֹצָה,פעלים - הווה,Rotza,"Wants (f, present)",verb_rotza.wav,3,פעלים_-_הווה,
404,יכול,יָכוֹל,פעלים - הווה,Yachol,Can/Able (m),verb_yachol.wav,3,פעלים_-_הווה,
405,יכולה,יְכוֹלָה,פעלים - הווה,Yechola,Can/Able (f),verb_yechola.wav,3,פעלים_-_הווה,
406,מתוק,מָתוֹק,שמות תואר,Matok,Sweet (m),adj_matok.wav,2,שמות_תואר,
407,מתוקה,מְתוּקָה,שמות תואר,Metuka,Sweet (f),"adj_metuka.wav""",2,שמות_תואר,
408,מלוח,מָלוּחַ,שמות תואר,Malu'ach,Salty (m),"adj_maluach.wav""",2,שמות_תואר,
409,מלוחה,מְלוּחָה,שמות תואר,Melucha,Salty (f),"adj_melucha.wav""",2,שמות_תואר,
410,חמוץ,חָמוּץ,שמות תואר,Chamutz,Sour (m),"adj_chamutz.wav""",2,שמות_תואר,
411,חמוצה,חֲמוּצָה,שמות תואר,Chamutza,Sour (f),"adj_chamutza.wav""",2,שמות_תואר,
412,מר,מַר,שמות תואר,Mar,Bitter (m),"adj_mar.wav""",2,שמות_תואר,
413,מרה,מָרָה,שמות תואר,Mara,Bitter (f),"adj_mara.wav""",2,שמות_תואר,
414,נמוך,נָמוּךְ,שמות תואר,Namuch,"Short (height, m)","adj_namuch.wav""",2,שמות_תואר,
415,נמוכה,נְמוּכָה,שמות תואר,Nemucha,"Short (height, f)","adj_nemucha.wav""",2,שמות_תואר,
416,גבוה,גָּבוֹהַ,שמות תואר,Gavo'ha,Tall (m),"adj_gavoha.wav""",2,שמות_תואר,
417,גבוהה,גְּבוֹהָה,שמות תואר,Gvoha,Tall (f),"adj_gvoha.wav""",2,שמות_תואר,
418,אומר,אוֹמֵר,פעלים - הווה,Omer,"Says (m, present)",verb_omer.wav,3,פעלים_-_הווה,
419,אומרת,אוֹמֶרֶת,פעלים - הווה,Omeret,"Says (f, present)",verb_omeret.wav,3,פעלים_-_הווה,
420,הולך,הוֹלֵךְ,פעלים - הווה,Holech,"Goes (m, present)",verb_holech.wav,3,פעלים_-_הווה,
421,הולכת,הוֹלֶכֶת,פעלים - הווה,Holechet,"Goes (f, present)",verb_holechet.wav,3,פעלים_-_הווה,
422,בא,בָּא,פעלים - הווה,Ba,"Comes (m, present)",verb_ba.wav,3,פעלים_-_הווה,
423,באה,בָּאָה,פעלים - הווה,Ba'a,"Comes (f, present)",verb_baa.wav,3,פעלים_-_הווה,
424,רואה,רוֹאֶה,פעלים - הווה,Ro'eh,"Sees (m, present)",verb_roeh.wav,3,פעלים_-_הווה,
425,רואה,רוֹאָה,פעלים - הווה,Ro'a,"Sees (f, present)",verb_roa.wav,3,פעלים_-_הווה,
426,שומע,שׁוֹמֵעַ,פעלים - הווה,Shome'a,"Hears (m, present)",verb_shomea.wav,3,פעלים_-_הווה,
427,שומעת,שׁוֹמַעַת,פעלים - הווה,Shoma'at,"Hears (f, present)",verb_shomaat.wav,3,פעלים_-_הווה,
428,יודע,יוֹדֵעַ,פעלים - הווה,Yode'a,"Knows (m, present)",verb_yodea.wav,3,פעלים_-_הווה,
429,יודעת,יוֹדַעַת,פעלים - הווה,Yoda'at,"Knows (f, present)",verb_yodaat.wav,3,פעלים_-_הווה,
430,רוצה,רוֹצֶה,פעלים - הווה,Rotzeh,"Wants (m, present)",verb_rotzeh.wav,3,פעלים_-_הווה,
431,רוצה,רוֹצָה,פעלים - הווה,Rotza,"Wants (f, present)",verb_rotza.wav,3,פעלים_-_הווה,
432,יכול,יָכוֹל,פעלים - הווה,Yachol,Can/Able (m),verb_yachol.wav,3,פעלים_-_הווה,
433,יכולה,יְכוֹלָה,פעלים - הווה,Yechola,Can/Able (f),verb_yechola.wav,3,פעלים_-_הווה,
434,מתוק,מָתוֹק,שמות תואר,Matok,Sweet (m),adj_matok.wav,2,שמות_תואר,
435,מתוקה,מְתוּקָה,שמות תואר,Metuka,Sweet (f),"adj_metuka.wav""",2,שמות_תואר,
436,מלוח,מָלוּחַ,שמות תואר,Malu'ach,Salty (m),"adj_maluach.wav""",2,שמות_תואר,
437,נמוכה,נְמוּכָה,שמות תואר,Nemucha,"Short (height, f)","adj_nemucha.wav""",2,שמות_תואר,
438,גבוה,גָּבוֹהַ,שמות תואר,Gavo'ha,Tall (m),"adj_gavoha.wav""",2,שמות_תואר,
439,גבוהה,גְּבוֹהָה,שמות תואר,Gvoha,Tall (f),"adj_gvoha.wav""",2,שמות_תואר,
440,כותב,כּוֹתֵב,פעלים - הווה,Kotev,"Writes (m, present)",verb_kotev.wav,3,פעלים_-_הווה,
441,כותבת,כּוֹתֶבֶת,פעלים - הווה,Kotevet,"Writes (f, present)",verb_kotevet.wav,3,פעלים_-_הווה,
442,קורא,קוֹרֵא,פעלים - הווה,Kore,"Reads (m, present)",verb_kore.wav,3,פעלים_-_הווה,
443,קוראת,קוֹרֵאת,פעלים - הווה,Koret,"Reads (f, present)",verb_koret.wav,3,פעלים_-_הווה,
444,אוכל,אוֹכֵל,פעלים - הווה,Ochel,"Eats (m, present)",verb_ochel.wav,3,פעלים_-_הווה,
445,אוכלת,אוֹכֶלֶת,פעלים - הווה,Ochelet,"Eats (f, present)",verb_ochelet.wav,3,פעלים_-_הווה,
446,שותה,שׁוֹתֶה,פעלים - הווה,Shoteh,"Drinks (m, present)",verb_shoteh.wav,3,פעלים_-_הווה,
447,שותה,שׁוֹתָה,פעלים - הווה,Shota,"Drinks (f, present)",verb_shota.wav,3,פעלים_-_הווה,
448,עובד,עוֹבֵד,פעלים - הווה,Oved,"Works (m, present)",verb_oved.wav,3,פעלים_-_הווה,
449,עובדת,עוֹבֶדֶת,פעלים - הווה,Ovedet,"Works (f, present)",verb_ovedet.wav,3,פעלים_-_הווה,
450,לומד,לוֹמֵד,פעלים - הווה,Lomed,"Learns (m, present)",verb_lomed.wav,3,פעלים_-_הווה,
451,לומדת,לוֹמֶדֶת,פעלים - הווה,Lomedet,"Learns (f, present)",verb_lomedet.wav,3,פעלים_-_הווה,
452,משחק,מְשַׂחֵק,פעלים - הווה,Mesahek,"Plays (m, present)",verb_mesahek.wav,3,פעלים_-_הווה,
453,משחקת,מְשַׂחֶקֶת,פעלים - הווה,Mesaheket,"Plays (f, present)",verb_mesaheket.wav,3,פעלים_-_הווה,
454,רץ,רָץ,פעלים - הווה,Ratz,"Runs (m, present)",verb_ratz.wav,3,פעלים_-_הווה,
455,רצה,רָצָה,פעלים - הווה,Ratza,"Runs (f, present)",verb_ratza.wav,3,פעלים_-_הווה,
456,יושב,יוֹשֵׁב,פעלים - הווה,Yoshev,"Sits (m, present)",verb_yoshev.wav,3,פעלים_-_הווה,
457,יושבת,יוֹשֶׁבֶת,פעלים - הווה,Yoshevet,"Sits (f, present)",verb_yoshevet.wav,3,פעלים_-_הווה,
458,עומד,עוֹמֵד,פעלים - הווה,Omed,"Stands (m, present)",verb_omed.wav,3,פעלים_-_הווה,
459,עומדת,עוֹמֶדֶת,פעלים - הווה,Omedet,"Stands (f, present)",verb_omedet.wav,3,פעלים_-_הווה,
460,היה,הָיָה,פעלים - עבר,Haya,"Was (m, past)",verb_haya.wav,4,פעלים_-_עבר,
461,היתה,הָיְתָה,פעלים - עבר,Hayta,"Was (f, past)",verb_hayta.wav,4,פעלים_-_עבר,
462,אמר,אָמַר,פעלים - עבר,Amar,"Said (m, past)",verb_amar.wav,4,פעלים_-_עבר,
463,אמרה,אָמְרָה,פעלים - עבר,Amra,"Said (f, past)",verb_amra.wav,4,פעלים_-_עבר,
464,הלך,הָלַךְ,פעלים - עבר,Halach,"Went (m, past)",verb_halach.wav,4,פעלים_-_עבר,
465,הלכה,הָלְכָה,פעלים - עבר,Halcha,"Went (f, past)",verb_halcha.wav,4,פעלים_-_עבר,
466,ראה,רָאָה,פעלים - עבר,Ra'a,"Saw (m, past)",verb_raa.wav,4,פעלים_-_עבר,
467,ראתה,רָאֲתָה,פעלים - עבר,Ra'ata,"Saw (f, past)",verb_raata.wav,4,פעלים_-_עבר,
468,עשה,עָשָׂה,פעלים - עבר,Asa,"Did (m, past)",verb_asa.wav,4,פעלים_-_עבר,
469,עשתה,עָשְׂתָה,פעלים - עבר,Asta,"Did (f, past)",verb_asta.wav,4,פעלים_-_עבר,
470,נקיה,נְקִיָּה,שמות תואר,Nekiya,Clean (f),adj_nekiya.wav,2,שמות_תואר,
471,מלכלכת,מְלֻכְלֶכֶת,שמות תואר,Meluchlechet,Dirty (f),adj_meluchlechet.wav,2,שמות_תואר,
472,קלה,קַלָּה,שמות תואר,Kala,Easy/Light (f),adj_kala.wav,2,שמות_תואר,
473,קשה,קָשָׁה,שמות תואר,Kasha,Hard/Difficult (f),adj_kasha.wav,2,שמות_תואר,
474,מהירה,מְהִירָה,שמות תואר,Mehira,Fast (f),adj_mehira.wav,2,שמות_תואר,
475,אטית,אִטִּית,שמות תואר,Itit,Slow (f),adj_itit.wav,2,שמות_תואר,
476,עבודה,עֲבוֹדָה,שמות עצם,Avoda,Work/Job,noun_avoda.wav,3,שמות_עצם,
477,מכתב,מִכְתָּב,שמות עצם,Michtav,Letter,noun_michtav.wav,3,שמות_עצם,
478,שיר,שִׁיר,שמות עצם,Shir,Song,noun_shir.wav,3,שמות_עצם,
479,משחק,מִשְׂחָק,שמות עצם,Mischak,Game,noun_mischak.wav,3,שמות_עצם,
480,רעש,רַעַשׁ,שמות עצם,Ra'ash,Noise,noun_raash.wav,3,שמות_עצם,
481,אור,אוֹר,שמות עצם,Or,Light,noun_or.wav,3,שמות_עצם,
482,חשך,חֹשֶׁךְ,שמות עצם,Choshech,Darkness,noun_choshech.wav,3,שמות_עצם,
483,מקום,מָקוֹם,שמות עצם,Makom,Place,noun_makom.wav,3,שמות_עצם,
484,אכל,אָכַל,פעלים - עבר,Achal,"Ate (m, past)",verb_achal.wav,4,פעלים_-_עבר,
485,אכלה,אָכְלָה,פעלים - עבר,Achla,"Ate (f, past)",verb_achla.wav,4,פעלים_-_עבר,
486,שתה,שָׁתָה,פעלים - עבר,Shata,"Drank (m, past)",verb_shata.wav,4,פעלים_-_עבר,
487,שתתה,שָׁתְתָה,פעלים - עבר,Shat'ta,"Drank (f, past)",verb_shatta.wav,4,פעלים_-_עבר,
488,כתב,כָּתַב,פעלים - עבר,Katav,"Wrote (m, past)",verb_katav.wav,4,פעלים_-_עבר,
489,כתבה,כָּתְבָה,פעלים - עבר,Katva,"Wrote (f, past)",verb_katva.wav,4,פעלים_-_עבר,
490,קרא,קָרָא,פעלים - עבר,Kara,"Read (m, past)",verb_kara.wav,4,פעלים_-_עבר,
491,קראה,קָרְאָה,פעלים - עבר,Kar'a,"Read (f, past)",verb_karaa.wav,4,פעלים_-_עבר,
492,ישב,יָשַׁב,פעלים - עבר,Yashav,"Sat (m, past)",verb_yashav.wav,4,פעלים_-_עבר,
493,ישבה,יָשְׁבָה,פעלים - עבר,Yashva,"Sat (f, past)",verb_yashva.wav,4,פעלים_-_עבר,
494,עמד,עָמַד,פעלים - עבר,Amad,"Stood (m, past)",verb_amad.wav,4,פעלים_-_עבר,
495,עמדה,עָמְדָה,פעלים - עבר,Amda,"Stood (f, past)",verb_amda.wav,4,פעלים_-_עבר,
496,נתן,נָתַן,פעלים - עבר,Natan,"Gave (m, past)",verb_natan.wav,4,פעלים_-_עבר,
497,נתנה,נָתְנָה,פעלים - עבר,Natna,"Gave (f, past)",verb_natna.wav,4,פעלים_-_עבר,
498,חכמה,חֲכָמָה,שמות תואר,Chachama,Smart (f),adj_chachama.wav,2,שמות_תואר,
499,נחמדה,נֶחְמָדָה,שמות תואר,Nechmada,Nice (f),adj_nechmada.wav,2,שמות_תואר,
500,עצלנית,עַצְלָנִית,שמות תואר,Atzlanit,Lazy (f),adj_atzlanit.wav,2,שמות_תואר,
501,חרוצה,חֲרוּצָה,שמות תואר,Charutza,Diligent (f),adj_charutza.wav,2,שמות_תואר,
502,בישנית,בַּיְשָׁנִית,שמות תואר,Bayshanit,Shy (f),adj_bayshanit.wav,2,שמות_תואר,
503,מצחיקה,מַצְחִיקָה,שמות תואר,Matzchika,Funny (f),adj_matzchika.wav,2,שמות_תואר,
504,מאוד,מְאוֹד,תואר הפועל,Me'od,Very,adverb_meod.wav,3,תואר_הפועל,
505,מהר,מַהֵר,תואר הפועל,Maher,Quickly/Fast,adverb_maher.wav,3,תואר_הפועל,
506,לאט,לְאַט,תואר הפועל,Le'at,Slowly,adverb_leat.wav,3,תואר_הפועל,
507,תמיד,תָּמִיד,תואר הפועל,Tamid,Always,adverb_tamid.wav,3,תואר_הפועל,
508,לפעמים,לִפְעָמִים,תואר הפועל,Lif'amim,Sometimes,adverb_lifamim.wav,3,תואר_הפועל,
509,אף פעם,אַף פַּעַם,תואר הפועל,Af Pa'am,Never,adverb_af_paam.wav,3,תואר_הפועל,
510,כבר,כְּבָר,תואר הפועל,Kvar,Already,adverb_kvar.wav,3,תואר_הפועל,
511,עדין,עֲדַיִן,תואר הפועל,Adayin,Still/Yet,adverb_adayin.wav,3,תואר_הפועל,
512,יחד,יַחַד,תואר הפועל,Yachad,Together,adverb_yachad.wav,3,תואר_הפועל,
513,לבד,לְבַד,תואר הפועל,Levad,Alone,adverb_levad.wav,3,תואר_הפועל,
514,מצלמה,מַצְלֵמָה,שמות עצם,Matzlema,Camera,noun_matzlema.wav,3,שמות_עצם,
515,דגל,דֶּגֶל,שמות עצם,Degel,Flag,noun_degel.wav,3,שמות_עצם,
516,ארמון,אַרְמוֹן,שמות עצם,Armon,Palace,noun_armon.wav,3,שמות_עצם,
517,מדבר,מִדְבָּר,שמות עצם,Midbar,Desert,noun_midbar.wav,3,שמות_עצם,
518,אריה,אריה,בעלי חיים,Aryeh,Lion,animal_arye.wav,2,בעלי_חיים,
519,עוף,עוף,מזון ומשקאות,Of,Chicken,food_of.wav,2,מזון_ומשקאות,
520,מדינה,מְדִינָה,ממשל וחברה,Medina,Country/State,gov_medina.wav,3,ממשל_וחברה,
521,ממשלה,מֶמְשָׁלָה,ממשל וחברה,Memshala,Government,gov_memshala.wav,3,ממשל_וחברה,
522,חק,חֹק,ממשל וחברה,Chok,Law,gov_chok.wav,3,ממשל_וחברה,
523,משטרה,מִשְׁטָרָה,ממשל וחברה,Mishtara,Police,gov_mishtara.wav,3,ממשל_וחברה,
524,צבא,צָבָא,ממשל וחברה,Tzava,Army,gov_tzava.wav,3,ממשל_וחברה,
525,נשיא,נָשִׂיא,ממשל וחברה,Nasi,President,gov_nasi.wav,3,ממשל_וחברה,
526,ראש ממשלה,רֹאשׁ מֶמְשָׁלָה,ממשל וחברה,Rosh Memshala,Prime Minister,gov_rosh_memshala.wav,3,ממשל_וחברה,
527,אזרח,אֶזְרָח,ממשל וחברה,Ezrach,Citizen,gov_ezrach.wav,3,ממשל_וחברה,
528,בחירות,בְּחִירוֹת,ממשל וחברה,Bchirot,Elections,gov_bchirot.wav,3,ממשל_וחברה,
529,מלחמה,מִלְחָמָה,ממשל וחברה,Milchama,War,gov_milchama.wav,3,ממשל_וחברה,
530,תוצאה,תּוֹצָאָה,מושגים כלליים,Totza'a,Result,general_result.wav,3,מושגים_כלליים,
531,פתרון,פִּתְרוֹן,מושגים כלליים,Pitaron,Solution,general_solution.wav,3,מושגים_כלליים,
532,יוצא,יוֹצֵא,פעלים - הווה,Yotze,Goes out (m),verb_yotze.wav,3,פעלים_-_הווה,
533,יוצאת,יוֹצֵאת,פעלים - הווה,Yotzet,Goes out (f),verb_yotzet.wav,3,פעלים_-_הווה,
534,נכנס,נִכְנָס,פעלים - הווה,Nichnas,Enters (m),verb_nichnas.wav,3,פעלים_-_הווה,
535,נכנסת,נִכְנֶסֶת,פעלים - הווה,Nichneset,Enters (f),verb_nichneset.wav,3,פעלים_-_הווה,
536,עולה,עוֹלֶה,פעלים - הווה,Oleh,Goes up (m),verb_oleh.wav,3,פעלים_-_הווה,
537,עולה,עוֹלָה,פעלים - הווה,Ola,Goes up (f),verb_ola.wav,3,פעלים_-_הווה,
538,יורד,יוֹרֵד,פעלים - הווה,Yored,Goes down (m),verb_yored.wav,3,פעלים_-_הווה,
539,יורדת,יוֹרֶדֶת,פעלים - הווה,Yoredet,Goes down (f),verb_yoredet.wav,3,פעלים_-_הווה,
540,שוחה,שׂוֹחֶה,פעלים - הווה,Socheh,Swims (m),verb_socheh.wav,3,פעלים_-_הווה,
541,שוחה,שׂוֹחָה,פעלים - הווה,Socha,Swims (f),verb_socha.wav,3,פעלים_-_הווה,
542,פתוחה,פְּתוּחָה,שמות תואר,Ptucha,Open (f),adj_ptucha.wav,2,שמות_תואר,
543,סגורה,סְגוּרָה,שמות תואר,Sgura,Closed (f),adj_sgura.wav,2,שמות_תואר,
544,מלאה,מְלֵאָה,שמות תואר,Mele'a,Full (f),adj_melea.wav,2,שמות_תואר,
545,ריקה,רֵיקָה,שמות תואר,Reka,Empty (f),adj_reka.wav,2,שמות_תואר,
546,שבור,שָׁבוּר,שמות תואר,Shavur,Broken (m),adj_shavur.wav,2,שמות_תואר,
547,שבורה,שְׁבוּרָה,שמות תואר,Shvura,Broken (f),adj_shvura.wav,2,שמות_תואר,
548,מתקן,מְתֻקָּן,שמות תואר,Metukan,Fixed (m),adj_metukan.wav,2,שמות_תואר,
549,מתקנת,מְתֻקֶּנֶת,שמות תואר,Metukenet,Fixed (f),adj_metukenet.wav,2,שמות_תואר,
550,רטב,רָטֹב,שמות תואר,Ratov,Wet (m),adj_ratov.wav,2,שמות_תואר,
551,רטבה,רְטֻבָּה,שמות תואר,Retuba,Wet (f),adj_retuba.wav,2,שמות_תואר,
552,יבש,יָבֵשׁ,שמות תואר,Yavesh,Dry (m),adj_yavesh.wav,2,שמות_תואר,
553,יבשה,יְבֵשָׁה,שמות תואר,Yevesha,Dry (f),adj_yevesha.wav,2,שמות_תואר,
554,מספר,מִסְפָּר,מושגים כלליים,Mispar,Number,general_mispar.wav,3,מושגים_כלליים,
555,שם,שֵׁם,מושגים כלליים,Shem,Name,general_shem.wav,3,מושגים_כלליים,
556,מלה,מִלָּה,מושגים כלליים,Mila,Word,general_mila.wav,3,מושגים_כלליים,
557,משפט,מִשְׁפָּט,מושגים כלליים,Mishpat,Sentence,general_mishpat.wav,3,מושגים_כלליים,
558,סמל,סֵמֶל,מושגים כלליים,Semel,Symbol,general_semel.wav,3,מושגים_כלליים,
559,כוון,כִּוּוּן,מושגים כלליים,Kivun,Direction,general_kivun.wav,3,מושגים_כלליים,
560,מדבר,מְדַבֵּר,פעלים - הווה,Medaber,Speaks (m),verb_medaber.wav,3,פעלים_-_הווה,
561,מדברת,מְדַבֶּרֶת,פעלים - הווה,Medaberet,Speaks (f),verb_medaberet.wav,3,פעלים_-_הווה,
562,נותן,נוֹתֵן,פעלים - הווה,Noten,Gives (m),verb_noten.wav,3,פעלים_-_הווה,
563,נותנת,נוֹתֶנֶת,פעלים - הווה,Notenet,Gives (f),verb_notenet.wav,3,פעלים_-_הווה,
564,לוקח,לוֹקֵחַ,פעלים - הווה,Loke'ach,Takes (m),verb_lokeach.wav,3,פעלים_-_הווה,
565,לוקחת,לוֹקַחַת,פעלים - הווה,Lokachat,Takes (f),verb_lokachat.wav,3,פעלים_-_הווה,
566,חושב,חוֹשֵׁב,פעלים - הווה,Choshev,Thinks (m),verb_choshev.wav,3,פעלים_-_הווה,
567,חושבת,חוֹשֶׁבֶת,פעלים - הווה,Choshevet,Thinks (f),verb_choshevet.wav,3,פעלים_-_הווה,
568,טובים,טוֹבִים,צורות רבים,Tovim,"Good (m, pl)",adj_tovim.wav,3,צורות_רבים,
569,טובות,טוֹבוֹת,צורות רבים,Tovot,"Good (f, pl)",adj_tovot.wav,3,צורות_רבים,
570,גדולים,גְּדוֹלִים,צורות רבים,Gdolim,"Big (m, pl)",adj_gdolim.wav,3,צורות_רבים,
571,גדולות,גְּדוֹלוֹת,צורות רבים,Gdolot,"Big (f, pl)",adj_gdolot.wav,3,צורות_רבים,
572,קטנים,קְטַנִּים,צורות רבים,Ktanim,"Small (m, pl)",adj_ktanim.wav,3,צורות_רבים,
573,קטנות,קְטַנּוֹת,צורות רבים,Ktanot,"Small (f, pl)",adj_ktanot.wav,3,צורות_רבים,
574,יפים,יָפִים,צורות רבים,Yafim,"Beautiful (m, pl)",adj_yafim.wav,3,צורות_רבים,
575,יפות,יָפוֹת,צורות רבים,Yafot,"Beautiful (f, pl)",adj_yafot.wav,3,צורות_רבים,
576,חכמים,חֲכָמִים,צורות רבים,Chachamim,"Smart (m, pl)",adj_chachamim.wav,3,צורות_רבים,
577,חכמות,חֲכָמוֹת,צורות רבים,Chachamot,"Smart (f, pl)",adj_chachamot.wav,3,צורות_רבים,
578,מבין,מֵבִין,פעלים - הווה,Mevin,Understands (m),verb_mevin.wav,3,פעלים_-_הווה,
579,מבינה,מְבִינָה,פעלים - הווה,Mevina,Understands (f),verb_mevina.wav,3,פעלים_-_הווה,
580,שואל,שׁוֹאֵל,פעלים - הווה,Sho'el,Asks (m),verb_shoel.wav,3,פעלים_-_הווה,
581,שואלת,שׁוֹאֶלֶת,פעלים - הווה,Sho'elet,Asks (f),verb_shoelet.wav,3,פעלים_-_הווה,
582,עונה,עוֹנֶה,פעלים - הווה,Oneh,Answers (m),verb_oneh.wav,3,פעלים_-_הווה,
583,עונה,עוֹנָה,פעלים - הווה,Ona,Answers (f),verb_ona.wav,3,פעלים_-_הווה,
584,צריך,צָרִיךְ,פעלים - הווה,Tzarich,Needs (m),verb_tzarich.wav,3,פעלים_-_הווה,
585,צריכה,צְרִיכָה,פעלים - הווה,Tzricha,Needs (f),verb_tzricha.wav,3,פעלים_-_הווה,
586,בקר טוב,בֹּקֶר טוֹב,מושגים כלליים,Boker Tov,Good Morning,general_boker_tov.wav,3,מושגים_כלליים,
587,ערב טוב,עֶרֶב טוֹב,מושגים כלליים,Erev Tov,Good Evening,general_erev_tov.wav,3,מושגים_כלליים,
588,לילה טוב,לַיְלָה טוֹב,מושגים כלליים,Layla Tov,Good Night,general_layla_tov.wav,3,מושגים_כלליים,
589,תודה,תּוֹדָה,מושגים כלליים,Toda,Thanks,general_toda.wav,3,מושגים_כלליים,
590,בבקשה,בְּבַקָּשָׁה,מושגים כלליים,Bevakasha,Please/You're welcome,general_bevakasha.wav,3,מושגים_כלליים,
591,סליחה,סְלִיחָה,מושגים כלליים,Slicha,Sorry/Excuse me,general_slicha.wav,3,מושגים_כלליים,
592,כן,כֵּן,מושגים כלליים,Ken,Yes,general_ken.wav,3,מושגים_כלליים,
593,לא,לֹא,מושגים כלליים,Lo,No,general_lo.wav,3,מושגים_כלליים,
594,חדשים,חֲדָשִׁים,צורות רבים,Chadashim,"New (m, pl)",adj_chadashim.wav,3,צורות_רבים,
595,חדשות,חֲדָשׁוֹת,צורות רבים,Chadashot,"New (f, pl)",adj_chadashot.wav,3,צורות_רבים,
596,ישנים,יְשָׁנִים,צורות רבים,Yeshanim,"Old (m, pl)",adj_yeshanim.wav,3,צורות_רבים,
597,ישנות,יְשָׁנוֹת,צורות רבים,Yeshanot,"Old (f, pl)",adj_yeshanot.wav,3,צורות_רבים,
598,שמחים,שְׂמֵחִים,צורות רבים,Smechim,"Happy (m, pl)",feeling_smechim.wav,3,צורות_רבים,
599,שמחות,שְׂמֵחוֹת,צורות רבים,Smechot,"Happy (f, pl)",feeling_smechot.wav,3,צורות_רבים,
600,עצובים,עֲצוּבִים,צורות רבים,Atzuvim,"Sad (m, pl)",feeling_atzuvim.wav,3,צורות_רבים,
601,עצובות,עֲצוּבוֹת,צורות רבים,Atzuvot,"Sad (f, pl)",feeling_atzuvot.wav,3,צורות_רבים,
602,עיפים,עֲיֵפִים,צורות רבים,Ayefim,"Tired (m, pl)",feeling_ayefim.wav,3,צורות_רבים,
603,עיפות,עֲיֵפוֹת,צורות רבים,Ayefot,"Tired (f, pl)",feeling_ayefot.wav,3,צורות_רבים,
604,ידע,יָדַע,פעלים - עבר,Yada,"Knew (m, past)",verb_yada.wav,4,פעלים_-_עבר,
605,ידעה,יָדְעָה,פעלים - עבר,Yad'a,"Knew (f, past)",verb_yadaa.wav,4,פעלים_-_עבר,
606,שמע,שָׁמַע,פעלים - עבר,Shama,"Heard (m, past)",verb_shama.wav,4,פעלים_-_עבר,
607,שמעה,שָׁמְעָה,פעלים - עבר,Sham'a,"Heard (f, past)",verb_shamaa.wav,4,פעלים_-_עבר,
608,בא,בָּא,פעלים - עבר,Ba,"Came (m, past)",verb_ba_past.wav,4,פעלים_-_עבר,
609,באה,בָּאָה,פעלים - עבר,Ba'a,"Came (f, past)",verb_baa_past.wav,4,פעלים_-_עבר,
610,מזל טוב,מַזָּל טוֹב,מושגים כלליים,Mazal Tov,Congratulations,general_mazal_tov.wav,3,מושגים_כלליים,
611,בתאבון,בְּתֵאָבוֹן,מושגים כלליים,Be'teavon,Bon appétit,general_beteavon.wav,3,מושגים_כלליים,
612,לבריאות,לִבְרִיאוּת,מושגים כלליים,Livri'ut,Bless you/To health,general_livriut.wav,3,מושגים_כלליים,
613,בהצלחה,בְּהַצְלָחָה,מושגים כלליים,Be'hatzlacha,Good luck,general_behatzlacha.wav,3,מושגים_כלליים,
614,מה שלומך,מָה שְׁלוֹמְךָ,מושגים כלליים,Ma Shlomcha?,How are you? (m),general_ma_shlomcha.wav,3,מושגים_כלליים,
615,מה שלומך,מָה שְׁלוֹמֵךְ,מושגים כלליים,Ma Shlomech?,How are you? (f),general_ma_shlomech.wav,3,מושגים_כלליים,
616,טוב,טוֹב,מושגים כלליים,Tov,Good/Fine,general_tov.wav,3,מושגים_כלליים,
617,בסדר,בְּסֵדֶר,מושגים כלליים,Beseder,Okay/Alright,general_beseder.wav,3,מושגים_כלליים,
618,יאמר,יֹאמַר,פעלים - עתיד,Yomar,Will say (m),verb_yomar.wav,4,פעלים_-_עתיד,
619,תאמר,תֹּאמַר,פעלים - עתיד,Tomar,Will say (f),verb_tomar.wav,4,פעלים_-_עתיד,
620,ילך,יֵלֵךְ,פעלים - עתיד,Yelech,Will go (m),verb_yelech.wav,4,פעלים_-_עתיד,
621,תלך,תֵּלֵךְ,פעלים - עתיד,Telech,Will go (f),verb_telech.wav,4,פעלים_-_עתיד,
622,יבוא,יָבוֹא,פעלים - עתיד,Yavo,Will come (m),verb_yavo.wav,4,פעלים_-_עתיד,
623,תבוא,תָּבוֹא,פעלים - עתיד,Tavo,Will come (f),verb_tavo.wav,4,פעלים_-_עתיד,
624,יאכל,יֹאכַל,פעלים - עתיד,Yochal,Will eat (m),verb_yochal.wav,4,פעלים_-_עתיד,
625,תאכל,תֹּאכַל,פעלים - עתיד,Tochal,Will eat (f),verb_tochal.wav,4,פעלים_-_עתיד,
626,ישתה,יִשְׁתֶּה,פעלים - עתיד,Yishteh,Will drink (m),verb_yishte.wav,4,פעלים_-_עתיד,
627,תשתה,תִּשְׁתֶּה,פעלים - עתיד,Tishteh,Will drink (f),verb_tishte.wav,4,פעלים_-_עתיד,
628,יראה,יִרְאֶה,פעלים - עתיד,Yir'eh,Will see (m),verb_yire.wav,4,פעלים_-_עתיד,
629,תראה,תִּרְאֶה,פעלים - עתיד,Tir'eh,Will see (f),verb_tire.wav,4,פעלים_-_עתיד,
630,ישמע,יִשְׁמַע,פעלים - עתיד,Yishma,Will hear (m),verb_yishma.wav,4,פעלים_-_עתיד,
631,תשמע,תִּשְׁמַע,פעלים - עתיד,Tishma,Will hear (f),verb_tishma.wav,4,פעלים_-_עתיד,
632,יתן,יִתֵּן,פעלים - עתיד,Yiten,Will give (m),verb_yiten.wav,4,פעלים_-_עתיד,
633,תתן,תִּתֵּן,פעלים - עתיד,Titen,Will give (f),verb_titen.wav,4,פעלים_-_עתיד,
634,מראה,מַרְאָה,כלים,Mar'a,Mirror,object_mara.wav,3,כלים,
635,מקרר,מְקָרֵר,כלים,Mekarer,Refrigerator,object_mekarer.wav,3,כלים,
636,תנור,תַּנּוּר,כלים,Tanur,Oven,object_tanur.wav,3,כלים,
637,מיקרוגל,מִיקְרוֹגַל,כלים,Mikrogal,Microwave,object_mikrogal.wav,3,כלים,
638,כירים,כִּירַיִם,כלים,Kirayim,Stovetop,object_kirayim.wav,3,כלים,
639,ארון,אָרוֹן,כלים,Aron,Closet/Cabinet,object_aron.wav,3,כלים,
640,מגרה,מְגֵרָה,כלים,Megera,Drawer,object_megera.wav,3,כלים,
641,מדף,מַדָּף,כלים,Madaf,Shelf,object_madaf.wav,3,כלים,
642,כרית,כָּרִית,כלים,Karit,Pillow,object_karit.wav,3,כלים,
643,שמיכה,שְׂמִיכָה,כלים,Smicha,Blanket,object_smicha.wav,3,כלים,
644,יכתב,יִכְתֹּב,פעלים - עתיד,Yichtov,Will write (m),verb_yichtov.wav,4,פעלים_-_עתיד,
645,תכתב,תִּכְתֹּב,פעלים - עתיד,Tichtov,Will write (f),verb_tichtov.wav,4,פעלים_-_עתיד,
646,יקרא,יִקְרָא,פעלים - עתיד,Yikra,Will read (m),verb_yikra.wav,4,פעלים_-_עתיד,
647,תקרא,תִּקְרָא,פעלים - עתיד,Tikra,Will read (f),verb_tikra.wav,4,פעלים_-_עתיד,
648,יעבד,יַעֲבֹד,פעלים - עתיד,Ya'avod,Will work (m),verb_yaavod.wav,4,פעלים_-_עתיד,
649,תעבד,תַּעֲבֹד,פעלים - עתיד,Ta'avod,Will work (f),verb_taavod.wav,4,פעלים_-_עתיד,
650,ילמד,יִלְמַד,פעלים - עתיד,Yilmad,Will learn (m),verb_yilmad.wav,4,פעלים_-_עתיד,
651,תלמד,תִּלְמַד,פעלים - עתיד,Tilmad,Will learn (f),verb_tilmad.wav,4,פעלים_-_עתיד,
652,ישחק,יְשַׂחֵק,פעלים - עתיד,Yesachek,Will play (m),verb_yesachek.wav,4,פעלים_-_עתיד,
653,תשחק,תְּשַׂחֵק,פעלים - עתיד,Tesachek,Will play (f),verb_tesachek.wav,4,פעלים_-_עתיד,
654,ירוץ,יָרוּץ,פעלים - עתיד,Yarutz,Will run (m),verb_yarutz.wav,4,פעלים_-_עתיד,
655,תרוץ,תָּרוּץ,פעלים - עתיד,Tarutz,Will run (f),verb_tarutz.wav,4,פעלים_-_עתיד,
656,ישב,יֵשֵׁב,פעלים - עתיד,Yeshev,Will sit (m),verb_yeshev.wav,4,פעלים_-_עתיד,
657,תשב,תֵּשֵׁב,פעלים - עתיד,Teshev,Will sit (f),verb_teshev.wav,4,פעלים_-_עתיד,
658,מטבע,מַטְבֵּעַ,מושגים - כסף,Matbe'a,Coin,money_matbea.wav,3,מושגים_-_כסף,
659,שטר,שְׁטָר,מושגים - כסף,Shtar,Bill (banknote),money_shtar.wav,3,מושגים_-_כסף,
660,בנק,בַּנְק,מושגים - כסף,Bank,Bank,money_bank.wav,3,מושגים_-_כסף,
661,כרטיס אשראי,כַּרְטִיס אַשְׁרַאי,מושגים - כסף,Kartis Ashrai,Credit Card,money_kartis_ashrai.wav,3,מושגים_-_כסף,
662,רובה,רוֹבֶה,מושגים - צבא,Roveh,Rifle,military_roveh.wav,3,מושגים_-_צבא,
663,מדים,מַדִּים,מושגים - צבא,Madim,Uniform,military_madim.wav,3,מושגים_-_צבא,
664,טנק,טַנְק,מושגים - צבא,Tank,Tank,military_tank.wav,3,מושגים_-_צבא,
665,חדר שנה,חֲדַר שֵׁנָה,צירופי מילים,Chadar Shena,Bedroom,combo_chadar_shena.wav,4,צירופי_מילים,
666,חדר אוכל,חֲדַר אוֹכֶל,צירופי מילים,Chadar Ochel,Dining room,combo_chadar_ochel.wav,4,צירופי_מילים,
667,חדר מגורים,חֲדַר מְגוּרִים,צירופי מילים,Chadar Megurim,Living room,combo_chadar_megurim.wav,4,צירופי_מילים,
668,מכונת כביסה,מְכוֹנַת כְּבִיסָה,צירופי מילים,Mechonat Kvisa,Washing machine,combo_mechonat_kvisa.wav,4,צירופי_מילים,
669,תחנת אוטובוס,תַּחֲנַת אוֹטוֹבּוּס,צירופי מילים,Tachanat Otobus,Bus stop,combo_tachanat_otobus.wav,4,צירופי_מילים,
670,כדורגל,כַּדּוּרֶגֶל,צירופי מילים,Kaduregel,Football,combo_kaduregel.wav,4,צירופי_מילים,
671,כדורסל,כַּדּוּרְסַל,צירופי מילים,Kadursal,Basketball,combo_kadursal.wav,4,צירופי_מילים,
672,שעורי בית,שִׁעוּרֵי בַּיִת,צירופי מילים,Shi'urei Bayit,Homework,combo_shiurei_bayit.wav,4,צירופי_מילים,
673,גן ילדים,גַּן יְלָדִים,צירופי מילים,Gan Yeladim,Kindergarten,combo_gan_yeladim.wav,4,צירופי_מילים,
674,יעזר,יַעֲזֹר,פעלים - עתיד,Ya'azor,Will help (m),verb_yaazor.wav,4,פעלים_-_עתיד,
675,תעזר,תַּעֲזֹר,פעלים - עתיד,Ta'azor,Will help (f),verb_taazor.wav,4,פעלים_-_עתיד,
676,יסגר,יִסְגֹּר,פעלים - עתיד,Yisgor,Will close (m),verb_yisgor.wav,4,פעלים_-_עתיד,
677,תסגר,תִּסְגֹּר,פעלים - עתיד,Tisgor,Will close (f),verb_tisgor.wav,4,פעלים_-_עתיד,
678,יפתח,יִפְתַּח,פעלים - עתיד,Yiftach,Will open (m),verb_yiftach.wav,4,פעלים_-_עתיד,
679,תפתח,תִּפְתַּח,פעלים - עתיד,Tiftach,Will open (f),verb_tiftach.wav,4,פעלים_-_עתיד,
680,יקנה,יִקְנֶה,פעלים - עתיד,Yikneh,Will buy (m),verb_yikneh.wav,4,פעלים_-_עתיד,
681,תקנה,תִּקְנֶה,פעלים - עתיד,Tikneh,Will buy (f),verb_tikneh.wav,4,פעלים_-_עתיד,
682,יבנה,יִבְנֶה,פעלים - עתיד,Yivneh,Will build (m),verb_yivneh.wav,4,פעלים_-_עתיד,
683,תבנה,תִּבְנֶה,פעלים - עתיד,Tivneh,Will build (f),verb_tivneh.wav,4,פעלים_-_עתיד,
684,בית ספר,בֵּית סֵפֶר,צירופי מילים,Beit Sefer,School,combo_beit_sefer.wav,4,צירופי_מילים,
685,בית חולים,בֵּית חוֹלִים,צירופי מילים,Beit Cholim,Hospital,combo_beit_cholim.wav,4,צירופי_מילים,
686,תפוח עץ,תַּפּוּחַ עֵץ,צירופי מילים,Tapu'ach Etz,Apple,combo_tapuach_etz.wav,4,צירופי_מילים,
687,תפוח אדמה,תַּפּוּחַ אֲדָמָה,צירופי מילים,Tapu'ach Adama,Potato,combo_tapuach_adama.wav,4,צירופי_מילים,
688,יום הלדת,יוֹם הֻלֶּדֶת,צירופי מילים,Yom Huledet,Birthday,combo_yom_huledet.wav,4,צירופי_מילים,
689,עץ זית,עֵץ זַיִת,צירופי מילים,Etz Zayit,Olive tree,combo_etz_zayit.wav,4,צירופי_מילים,
690,שמן זית,שֶׁמֶן זַיִת,צירופי מילים,Shemen Zayit,Olive oil,combo_shemen_zayit.wav,4,צירופי_מילים,
691,כרטיס ביקור,כַּרְטִיס בִּיקוּר,צירופי מילים,Kartis Bikur,Business card,combo_kartis_bikur.wav,4,צירופי_מילים,
692,ידים,יָדַיִם,צורות רבים,Yadayim,Hands,body_yadayim.wav,3,צורות_רבים,
693,רגלים,רַגְלַיִם,צורות רבים,Raglayim,Legs/Feet,body_raglayim.wav,3,צורות_רבים,
694,עינים,עֵינַיִם,צורות רבים,Einayim,Eyes,body_einayim.wav,3,צורות_רבים,
695,אזנים,אָזְנַיִם,צורות רבים,Oznayim,Ears,body_oznayim.wav,3,צורות_רבים,
696,שפתים,שְׂפָתַיִם,צורות רבים,Sfatayim,Lips,body_sfatayim.wav,3,צורות_רבים,
697,שנים,שִׁנַּיִם,צורות רבים,Shinayim,Teeth,body_shinayim.wav,3,צורות_רבים,
698,כתפים,כְּתֵפַיִם,צורות רבים,Ktefayim,Shoulders,body_ktefayim.wav,3,צורות_רבים,
699,ברכים,בִּרְכַּיִם,צורות רבים,Birkayim,Knees,body_birkayim.wav,3,צורות_רבים,
700,יחשב,יַחְשֹׁב,פעלים - עתיד,Yachshov,Will think (m),verb_yachshov.wav,4,פעלים_-_עתיד,
701,תחשב,תַּחְשֹׁב,פעלים - עתיד,Tachshov,Will think (f),verb_tachshov.wav,4,פעלים_-_עתיד,
702,ישאל,יִשְׁאַל,פעלים - עתיד,Yish'al,Will ask (m),verb_yishal.wav,4,פעלים_-_עתיד,
703,תשאל,תִּשְׁאַל,פעלים - עתיד,Tish'al,Will ask (f),verb_tishal.wav,4,פעלים_-_עתיד,
704,יענה,יַעֲנֶה,פעלים - עתיד,Ya'aneh,Will answer (m),verb_yaaneh.wav,4,פעלים_-_עתיד,
705,תענה,תַּעֲנֶה,פעלים - עתיד,Ta'aneh,Will answer (f),verb_taaneh.wav,4,פעלים_-_עתיד,
706,יתחיל,יַתְחִיל,פעלים - עתיד,Yatchil,Will start (m),verb_yatchil.wav,4,פעלים_-_עתיד,
707,תתחיל,תַּתְחִיל,פעלים - עתיד,Tatchil,Will start (f),verb_tatchil.wav,4,פעלים_-_עתיד,
708,יגמר,יִגְמֹר,פעלים - עתיד,Yigmor,Will finish (m),verb_yigmor.wav,4,פעלים_-_עתיד,
709,תגמר,תִּגְמֹר,פעלים - עתיד,Tigmor,Will finish (f),verb_tigmor.wav,4,פעלים_-_עתיד,
710,יצטרך,יִצְטָרֵךְ,פעלים - עתיד,Yitztarech,Will need (m),verb_yitztarech.wav,4,פעלים_-_עתיד,
711,תצטרך,תִּצְטָרֵךְ,פעלים - עתיד,Titztarech,Will need (f),verb_titztarech.wav,4,פעלים_-_עתיד,
712,יוכל,יוּכַל,פעלים - עתיד,Yuchal,Will be able (m),verb_yuchal.wav,4,פעלים_-_עתיד,
713,תוכל,תּוּכַל,פעלים - עתיד,Tuchal,Will be able (f),verb_tuchal.wav,4,פעלים_-_עתיד,
714,יבין,יָבִין,פעלים - עתיד,Yavin,Will understand (m),verb_yavin.wav,4,פעלים_-_עתיד,
715,תבין,תָּבִין,פעלים - עתיד,Tavin,Will understand (f),verb_tavin.wav,4,פעלים_-_עתיד,
716,יחפש,יְחַפֵּשׂ,פעלים - עתיד,Yechapes,Will search (m),verb_yechapes.wav,4,פעלים_-_עתיד,
717,תחפש,תְּחַפֵּשׂ,פעלים - עתיד,Techapes,Will search (f),verb_techapes.wav,4,פעלים_-_עתיד,
718,ימצא,יִמְצָא,פעלים - עתיד,Yimtza,Will find (m),verb_yimtza.wav,4,פעלים_-_עתיד,
719,תמצא,תִּמְצָא,פעלים - עתיד,Timtza,Will find (f),verb_timtza.wav,4,פעלים_-_עתיד,
720,יזכר,יִזְכֹּר,פעלים - עתיד,Yizkor,Will remember (m),verb_yizkor.wav,4,פעלים_-_עתיד,
721,תזכר,תִּזְכֹּר,פעלים - עתיד,Tizkor,Will remember (f),verb_tizkor.wav,4,פעלים_-_עתיד,
722,ישכח,יִשְׁכַּח,פעלים - עתיד,Yishkach,Will forget (m),verb_yishkach.wav,4,פעלים_-_עתיד,
723,תשכח,תִּשְׁכַּח,פעלים - עתיד,Tishkach,Will forget (f),verb_tishkach.wav,4,פעלים_-_עתיד,
724,קופת חולים,קוּפַּת חוֹלִים,צירופי מילים,Kupat Cholim,Health fund/Clinic,combo_kupat_cholim.wav,4,צירופי_מילים,
725,תעודת זהות,תְּעוּדַת זֶהוּת,צירופי מילים,Te'udat Zehut,ID Card,combo_teudat_zehut.wav,4,צירופי_מילים,
726,רשיון נהיגה,רִשְׁיוֹן נְהִיגָה,צירופי מילים,Rishayon Nehiga,Driver's license,combo_rishayon_nehiga.wav,4,צירופי_מילים,
727,ארצות הברית,אַרְצוֹת הַבְּרִית,צירופי מילים,Artzot HaBrit,United States,combo_artzot_habrit.wav,4,צירופי_מילים,
728,כדור הארץ,כַּדּוּר הָאָרֶץ,צירופי מילים,Kadur Ha'Aretz,Planet Earth,combo_kadur_haaretz.wav,4,צירופי_מילים,
729,מזג אויר,מֶזֶג אֲוִיר,צירופי מילים,Mezeg Avir,Weather,combo_mezeg_avir.wav,4,צירופי_מילים,
730,סוף שבוע,סוֹף שָׁבוּעַ,צירופי מילים,Sof Shavua,Weekend,combo_sof_shavua.wav,4,צירופי_מילים,
731,ארוחת בקר,אֲרוּחַת בֹּקֶר,צירופי מילים,Aruchat Boker,Breakfast,combo_aruchat_boker.wav,4,צירופי_מילים,
732,ארוחת ערב,אֲרוּחַת עֶרֶב,צירופי מילים,Aruchat Erev,Dinner/Supper,combo_aruchat_erev.wav,4,צירופי_מילים,
733,ארוחת צהרים,אֲרוּחַת צָהֳרַיִם,צירופי מילים,Aruchat Tzahorayim,Lunch,combo_aruchat_tzahorayim.wav,4,צירופי_מילים,
734,הולכים,הוֹלְכִים,פעלים - רבים הווה,Holchim,"Go/Walk (m, pl)",verb_holchim.wav,3,פעלים_-_רבים_הווה,
735,הולכוT,הוֹלְכוֹT,פעלים - רבים הווה,Holchot,"Go/Walk (f, pl)",verb_holchot.wav,3,פעלים_-_רבים_הווה,
736,אומרים,אוֹמְרִים,פעלים - רבים הווה,Omrim,"Say (m, pl)",verb_omrim.wav,3,פעלים_-_רבים_הווה,
737,אומרות,אוֹמְרוֹת,פעלים - רבים הווה,Omrot,"Say (f, pl)",verb_omrot.wav,3,פעלים_-_רבים_הווה,
738,רואים,רוֹאִים,פעלים - רבים הווה,Ro'im,"See (m, pl)",verb_roim.wav,3,פעלים_-_רבים_הווה,
739,רואות,רוֹאוֹת,פעלים - רבים הווה,Ro'ot,"See (f, pl)",verb_root.wav,3,פעלים_-_רבים_הווה,
740,שומעים,שׁוֹמְעִים,פעלים - רבים הווה,Shom'im,"Hear (m, pl)",verb_shomim.wav,3,פעלים_-_רבים_הווה,
741,שומעות,שׁוֹמְעוֹת,פעלים - רבים הווה,Shom'ot,"Hear (f, pl)",verb_shomot.wav,3,פעלים_-_רבים_הווה,
742,אוכלים,אוֹכְלִים,פעלים - רבים הווה,Ochlim,"Eat (m, pl)",verb_ochlim.wav,3,פעלים_-_רבים_הווה,
743,אוכלות,אוֹכְלוֹת,פעלים - רבים הווה,Ochlot,"Eat (f, pl)",verb_ochlot.wav,3,פעלים_-_רבים_הווה,
744,שותים,שׁוֹתִים,פעלים - רבים הווה,Shotim,"Drink (m, pl)",verb_shotim.wav,3,פעלים_-_רבים_הווה,
745,שותות,שׁוֹתוֹת,פעלים - רבים הווה,Shotot,"Drink (f, pl)",verb_shotot.wav,3,פעלים_-_רבים_הווה,
746,חזקים,חֲזָקִים,צורות רבים,Chazakim,"Strong (m, pl)",adj_chazakim.wav,3,צורות_רבים,
747,חזקות,חֲזָקוֹת,צורות רבים,Chazakot,"Strong (f, pl)",adj_chazakot.wav,3,צורות_רבים,
748,חלשים,חַלָּשִׁים,צורות רבים,Chalashim,"Weak (m, pl)",adj_chalashim.wav,3,צורות_רבים,
749,חלשות,חַלָּשׁוֹת,צורות רבים,Chalashot,"Weak (f, pl)",adj_chalashot.wav,3,צורות_רבים,
750,נקיים,נְקִיִּים,צורות רבים,Neki'im,"Clean (m, pl)",adj_nekiim.wav,3,צורות_רבים,
751,נקיות,נְקִיּוֹת,צורות רבים,Nekiyot,"Clean (f, pl)",adj_nekiyot.wav,3,צורות_רבים,
752,מלכלכים,מְלֻכְלָכִים,צורות רבים,Meluchlachim,"Dirty (m, pl)",adj_meluchlachim.wav,3,צורות_רבים,
753,מלכלכות,מְלֻכְלָכוֹת,צורות רבים,Meluchlachot,"Dirty (f, pl)",adj_meluchlachot.wav,3,צורות_רבים,
754,כותבים,כּוֹתְבִים,פעלים - רבים הווה,Kotvim,"Write (m, pl)",verb_kotvim.wav,3,פעלים_-_רבים_הווה,
755,כותבות,כּוֹתְבוֹת,פעלים - רבים הווה,Kotvot,"Write (f, pl)",verb_kotvot.wav,3,פעלים_-_רבים_הווה,
756,קוראים,קוֹרְאִים,פעלים - רבים הווה,Kor'im,"Read (m, pl)",verb_korim.wav,3,פעלים_-_רבים_הווה,
757,קוראות,קוֹרְאוֹת,פעלים - רבים הווה,Kor'ot,"Read (f, pl)",verb_korot.wav,3,פעלים_-_רבים_הווה,
758,עובדים,עוֹבְדִים,פעלים - רבים הווה,Ovdim,"Work (m, pl)",verb_ovdim.wav,3,פעלים_-_רבים_הווה,
759,עובדות,עוֹבְדוֹת,פעלים - רבים הווה,Ovdot,"Work (f, pl)",verb_ovdot.wav,3,פעלים_-_רבים_הווה,
760,לומדים,לוֹמְדִים,פעלים - רבים הווה,Lomdim,"Learn (m, pl)",verb_lomdim.wav,3,פעלים_-_רבים_הווה,
761,לומדות,לוֹמְדוֹת,פעלים - רבים הווה,Lomdot,"Learn (f, pl)",verb_lomdot.wav,3,פעלים_-_רבים_הווה,
762,יודעים,יוֹדְעִים,פעלים - רבים הווה,Yod'im,"Know (m, pl)",verb_yodim.wav,3,פעלים_-_רבים_הווה,
763,יודעות,יוֹדְעוֹת,פעלים - רבים הווה,Yod'ot,"Know (f, pl)",verb_yodot.wav,3,פעלים_-_רבים_הווה,
764,היו,הָיוּ,פעלים - רבים עבר,Hayu,Were (pl),verb_hayu.wav,3,פעלים_-_רבים_עבר,
765,אמרו,אָמְרוּ,פעלים - רבים עבר,Amru,Said (pl),verb_amru.wav,3,פעלים_-_רבים_עבר,
766,הלכו,הָלְכוּ,פעלים - רבים עבר,Halchu,Went (pl),verb_halchu.wav,3,פעלים_-_רבים_עבר,
767,ראו,רָאוּ,פעלים - רבים עבר,Ra'u,Saw (pl),verb_rau.wav,3,פעלים_-_רבים_עבר,
768,שמעו,שָׁמְעוּ,פעלים - רבים עבר,Sham'u,Heard (pl),verb_shamu.wav,3,פעלים_-_רבים_עבר,
769,אכלו,אָכְלוּ,פעלים - רבים עבר,Achlu,Ate (pl),verb_achlu.wav,3,פעלים_-_רבים_עבר,
770,שתו,שָׁתוּ,פעלים - רבים עבר,Shatu,Drank (pl),verb_shatu.wav,3,פעלים_-_רבים_עבר,
771,כתבו,כָּתְבוּ,פעלים - רבים עבר,Katvu,Wrote (pl),verb_katvu.wav,3,פעלים_-_רבים_עבר,
772,קראו,קָרְאוּ,פעלים - רבים עבר,Kar'u,Read (pl),verb_karu.wav,3,פעלים_-_רבים_עבר,
773,נתנו,נָתְנוּ,פעלים - רבים עבר,Natnu,Gave (pl),verb_natnu.wav,3,פעלים_-_רבים_עבר,
774,עשו,עָשׂוּ,פעלים - רבים עבר,Asu,Did (pl),verb_asu.wav,3,פעלים_-_רבים_עבר,
775,ישבו,יָשְׁבוּ,פעלים - רבים עבר,Yashvu,Sat (pl),verb_yashvu.wav,3,פעלים_-_רבים_עבר,
776,עמדו,עָמְדוּ,פעלים - רבים עבר,Amdu,Stood (pl),verb_amdu.wav,3,פעלים_-_רבים_עבר,
777,רצו,רָצוּ,פעלים - רבים עבר,Ratzu,Ran (pl),verb_ratzu.wav,3,פעלים_-_רבים_עבר,
778,ידעו,יָדְעוּ,פעלים - רבים עבר,Yad'u,Knew (pl),verb_yadu.wav,3,פעלים_-_רבים_עבר,
779,רצו,רָצוּ,פעלים - רבים עבר,Ratzu,Wanted (pl),verb_ratzu_wanted.wav,3,פעלים_-_רבים_עבר,
780,יכלו,יָכְלוּ,פעלים - רבים עבר,Yachlu,Could (pl),verb_yachlu.wav,3,פעלים_-_רבים_עבר,
781,פתחו,פָּתְחוּ,פעלים - רבים עבר,Patchu,Opened (pl),verb_patchu.wav,3,פעלים_-_רבים_עבר,
782,סגרו,סָגְרוּ,פעלים - רבים עבר,Sagru,Closed (pl),verb_sagru.wav,3,פעלים_-_רבים_עבר,
783,קנו,קָנוּ,פעלים - רבים עבר,Kanu,Bought (pl),verb_kanu.wav,3,פעלים_-_רבים_עבר,
784,יאמרו,יֹאמְרוּ,פעלים - רבים עתיד,Yomru,Will say (pl),verb_yomru.wav,3,פעלים_-_רבים_עתיד,
785,ילכו,יֵלְכוּ,פעלים - רבים עתיד,Yelchu,Will go (pl),verb_yelchu.wav,3,פעלים_-_רבים_עתיד,
786,יראו,יִרְאוּ,פעלים - רבים עתיד,Yir'u,Will see (pl),verb_yiru.wav,3,פעלים_-_רבים_עתיד,
787,ישמעו,יִשְׁמְעוּ,פעלים - רבים עתיד,Yishme'u,Will hear (pl),verb_yishmeu.wav,3,פעלים_-_רבים_עתיד,
788,יאכלו,יֹאכְלוּ,פעלים - רבים עתיד,Yochlu,Will eat (pl),verb_yochlu.wav,3,פעלים_-_רבים_עתיד,
789,ישתו,יִשְׁתּוּ,פעלים - רבים עתיד,Yishtu,Will drink (pl),verb_yishtu.wav,3,פעלים_-_רבים_עתיד,
790,יכתבו,יִכְתְּבוּ,פעלים - רבים עתיד,Yichtevu,Will write (pl),verb_yichtevu.wav,3,פעלים_-_רבים_עתיד,
791,יקראו,יִקְרְאוּ,פעלים - רבים עתיד,Yikre'u,Will read (pl),verb_yikreu.wav,3,פעלים_-_רבים_עתיד,
792,יתנו,יִתְּנוּ,פעלים - רבים עתיד,Yitnu,Will give (pl),verb_yitnu.wav,3,פעלים_-_רבים_עתיד,
793,יהיו,יִהְיוּ,פעלים - רבים עתיד,Yihiyu,Will be (pl),verb_yihiyu.wav,3,פעלים_-_רבים_עתיד,
794,יעבדו,יַעַבְדוּ,פעלים - רבים עתיד,Ya'avdu,Will work (pl),verb_yaavdu.wav,3,פעלים_-_רבים_עתיד,
795,ילמדו,יִלְמְדוּ,פעלים - רבים עתיד,Yilmedu,Will learn (pl),verb_yilmedu.wav,3,פעלים_-_רבים_עתיד,
796,ישחקו,יְשַׂחֲקוּ,פעלים - רבים עתיד,Yesachaku,Will play (pl),verb_yesachaku.wav,3,פעלים_-_רבים_עתיד,
797,ירוצו,יָרוּצוּ,פעלים - רבים עתיד,Yarutzu,Will run (pl),verb_yarutzu.wav,3,פעלים_-_רבים_עתיד,
798,ישבו,יֵשְׁבוּ,פעלים - רבים עתיד,Yeshvu,Will sit (pl),verb_yeshvu.wav,3,פעלים_-_רבים_עתיד,
799,יעמדו,יַעַמְדוּ,פעלים - רבים עתיד,Ya'amdu,Will stand (pl),verb_yaamdu.wav,3,פעלים_-_רבים_עתיד,
800,יפתחו,יִפְתְּחוּ,פעלים - רבים עתיד,Yiftechi,Will open (pl),verb_yiftechi.wav,3,פעלים_-_רבים_עתיד,
801,יסגרו,יִסְגְּרוּ,פעלים - רבים עתיד,Yisgeru,Will close (pl),verb_yisgeru.wav,3,פעלים_-_רבים_עתיד,
802,יקנו,יִקְנוּ,פעלים - רבים עתיד,Yiknu,Will buy (pl),verb_yiknu.wav,3,פעלים_-_רבים_עתיד,
803,יבנו,יִבְנוּ,פעלים - רבים עתיד,Yivnu,Will build (pl),verb_yivnu.wav,3,פעלים_-_רבים_עתיד,
804,בתים,בָּתִּים,צורות רבים,Batim,Houses,noun_batim.wav,3,צורות_רבים,
805,דלתות,דְּלָתוֹת,צורות רבים,Dlatot,Doors,noun_dlatot.wav,3,צורות_רבים,
806,חלונות,חַלּוֹנוֹת,צורות רבים,Chalonot,Windows,noun_chalonot.wav,3,צורות_רבים,
807,שלחנות,שֻׁלְחָנוֹת,צורות רבים,Shulchanot,Tables,noun_shulchanot.wav,3,צורות_רבים,
808,כסאות,כִּסְאוֹת,צורות רבים,Kis'ot,Chairs,noun_kisot.wav,3,צורות_רבים,
809,מטות,מִטּוֹת,צורות רבים,Mitot,Beds,noun_mitot.wav,3,צורות_רבים,
810,ספרים,סְפָרִים,צורות רבים,Sfarim,Books,noun_sfarim.wav,3,צורות_רבים,
811,מחשבים,מַחְשְׁבִים,צורות רבים,Machshevim,Computers,noun_machshevim.wav,3,צורות_רבים,
812,מכוניות,מְכוֹנִיּוֹת,צורות רבים,Mechoniyot,Cars,noun_mechoniyot.wav,3,צורות_רבים,
813,אנשים,אֲנָשִׁים,צורות רבים,Anashim,People,noun_anashim.wav,3,צורות_רבים,
814,ילדים,יְלָדִים,צורות רבים,Yeladim,Children,noun_yeladim.wav,3,צורות_רבים,
815,בנים,בָּנִים,צורות רבים,Banim,Boys/Sons,noun_banim.wav,3,צורות_רבים,
816,בנות,בָּנוֹת,צורות רבים,Banot,Girls/Daughters,noun_banot.wav,3,צורות_רבים,
817,גברים,גְּבָרִים,צורות רבים,Gvarim,Men,noun_gvarim.wav,3,צורות_רבים,
818,נשים,נָשִׁים,צורות רבים,Nashim,Women,noun_nashim.wav,3,צורות_רבים,
819,ימים,יָמִים,צורות רבים,Yamim,Days,noun_yamim.wav,3,צורות_רבים,
820,לילות,לֵילוֹת,צורות רבים,Leilot,Nights,noun_leilot.wav,3,צורות_רבים,
821,שבועות,שָׁבוּעוֹת,צורות רבים,Shavu'ot,Weeks,noun_shavuot.wav,3,צורות_רבים,
822,חדשים,חֳדָשִׁים,צורות רבים,Chodashim,Months,noun_chodashim.wav,3,צורות_רבים,
823,שנים,שָׁנִים,צורות רבים,Shanim,Years,noun_shanim.wav,3,צורות_רבים,
824,רעבים,רְעֵבִים,צורות רבים,Re'evim,"Hungry (m, pl)",feeling_reevim.wav,3,צורות_רבים,
825,רעבות,רְעֵבוֹת,צורות רבים,Re'evot,"Hungry (f, pl)",feeling_reevot.wav,3,צורות_רבים,
826,צמאים,צְמֵאִים,צורות רבים,Tzme'im,"Thirsty (m, pl)",feeling_tzmeim.wav,3,צורות_רבים,
827,צמאות,צְמֵאוֹת,צורות רבים,Tzme'ot,"Thirsty (f, pl)",feeling_tzmeot.wav,3,צורות_רבים,
828,חולים,חוֹלִים,צורות רבים,Cholim,"Sick (m, pl)",feeling_cholim.wav,3,צורות_רבים,
829,חולות,חוֹלוֹת,צורות רבים,Cholot,"Sick (f, pl)",feeling_cholot.wav,3,צורות_רבים,
830,בריאים,בְּרִיאִים,צורות רבים,Bri'im,"Healthy (m, pl)",feeling_briim.wav,3,צורות_רבים,
831,בריאות,בְּרִיאוֹת,צורות רבים,Bri'ot,"Healthy (f, pl)",feeling_briot.wav,3,צורות_רבים,
832,מהירים,מְהִירִים,צורות רבים,Mehirim,"Fast (m, pl)",adj_mehirim.wav,3,צורות_רבים,
833,מהירות,מְהִירוֹת,צורות רבים,Mehirot,"Fast (f, pl)",adj_mehirot.wav,3,צורות_רבים,
834,כרטיס טיסה,כַּרְטִיס טִיסָה,צירופי מילים,Kartis Tisa,Flight ticket,combo_kartis_tisa.wav,4,צירופי_מילים,
835,תחנת רכבת,תַּחֲנַת רַכֶּבֶת,צירופי מילים,Tachanat Rakevet,Train station,combo_tachanat_rakevet.wav,4,צירופי_מילים,
836,נמל תעופה,נְמַל תְּעוּפָה,צירופי מילים,Nemal Te'ufa,Airport,combo_nemal_teufa.wav,4,צירופי_מילים,
837,כאב ראש,כְּאֵב רֹאשׁ,צירופי מילים,Ke'ev Rosh,Headache,combo_keev_rosh.wav,4,צירופי_מילים,
838,כאב בטן,כְּאֵב בֶּטֶן,צירופי מילים,Ke'ev Beten,Stomach ache,combo_keev_beten.wav,4,צירופי_מילים,
839,כוס קפה,כּוֹס קָפֶה,צירופי מילים,Kos Kafeh,Cup of coffee,combo_kos_kafeh.wav,4,צירופי_מילים,
840,כוס תה,כּוֹס תֶּה,צירופי מילים,Kos Teh,Cup of tea,combo_kos_teh.wav,4,צירופי_מילים,
841,בקבוק מים,בַּקְבּוּק מַיִם,צירופי מילים,Bakbuk Mayim,Bottle of water,combo_bakbuk_mayim.wav,4,צירופי_מילים,
842,קניון,קַנְיוֹן,צירופי מילים,Kanyon,Shopping mall,combo_kanyon.wav,4,צירופי_מילים,
843,לוח מודעות,לוּחַ מוֹדָעוֹת,צירופי מילים,Lu'ach Moda'ot,Notice board,combo_luach_modaot.wav,4,צירופי_מילים,
844,גן חיות,גַּן חַיּוֹת,צירופי מילים,Gan Chayot,Zoo,combo_gan_chayot.wav,4,צירופי_מילים,
845,פח אשפה,פַּח אַשְׁפָּה,צירופי מילים,Pach Ashpa,Trash can,combo_pach_ashpa.wav,4,צירופי_מילים,
846,כח משיכה,כֹּחַ מְשִׁיכָה,צירופי מילים,Ko'ach Meshicha,Gravity,combo_koach_meshicha.wav,4,צירופי_מילים,
847,קרם הגנה,קֶרֶם הֲגָנָה,צירופי מילים,Krem Hagana,Sunscreen,combo_krem_hagana.wav,4,צירופי_מילים,
848,משקפי שמש,מִשְׁקְפֵי שֶׁמֶשׁ,צירופי מילים,Mishkefei Shemesh,Sunglasses,combo_mishkefei_shemesh.wav,4,צירופי_מילים,
849,בגד ים,בֶּגֶד יָם,צירופי מילים,Beged Yam,Swimsuit,combo_beged_yam.wav,4,צירופי_מילים,
850,מגרש משחקים,מִגְרַשׁ מִשְׂחָקִים,צירופי מילים,Migrash Mischakim,Playground,combo_migrash_mischakim.wav,4,צירופי_מילים,
851,משקפים,מִשְׁקָפַיִם,צירופי מילים,Mishkafayim,Glasses,combo_mishkafayim.wav,4,צירופי_מילים,
852,שעון יד,שְׁעוֹן יָד,צירופי מילים,Sha'on Yad,Wristwatch,combo_shaon_yad.wav,4,צירופי_מילים,
853,בית מרקחת,בֵּית מִרְקַחַת,צירופי מילים,Beit Mirkachat,Pharmacy,combo_beit_mirkachat.wav,4,צירופי_מילים,
854,יושבים,יוֹשְׁבִים,פעלים - רבים הווה,Yoshvim,"Sit (m, pl)",verb_yoshvim.wav,3,פעלים_-_רבים_הווה,
855,יושבות,יוֹשְׁבוֹת,פעלים - רבים הווה,Yoshvot,"Sit (f, pl)",verb_yoshvot.wav,3,פעלים_-_רבים_הווה,
856,עומדים,עוֹמְדִים,פעלים - רבים הווה,Omdim,"Stand (m, pl)",verb_omdim.wav,3,פעלים_-_רבים_הווה,
857,עומדות,עוֹמְדוֹת,פעלים - רבים הווה,Omdot,"Stand (f, pl)",verb_omdot.wav,3,פעלים_-_רבים_הווה,
858,מדברים,מְדַבְּרִים,פעלים - רבים הווה,Medabrim,"Speak (m, pl)",verb_medabrim.wav,3,פעלים_-_רבים_הווה,
859,מדברות,מְדַבְּרוֹת,פעלים - רבים הווה,Medabrot,"Speak (f, pl)",verb_medabrot.wav,3,פעלים_-_רבים_הווה,
860,נותנים,נוֹתְנִים,פעלים - רבים הווה,Notnim,"Give (m, pl)",verb_notnim.wav,3,פעלים_-_רבים_הווה,
861,נותנות,נוֹתְנוֹת,פעלים - רבים הווה,Notnot,"Give (f, pl)",verb_notnot.wav,3,פעלים_-_רבים_הווה,
862,לוקחים,לוֹקְחִים,פעלים - רבים הווה,Lokchim,"Take (m, pl)",verb_lokchim.wav,3,פעלים_-_רבים_הווה,
863,לוקחות,לוֹקְחוֹת,פעלים - רבים הווה,Lokchot,"Take (f, pl)",verb_lokchot.wav,3,פעלים_-_רבים_הווה,
864,חושבים,חוֹשְׁבִים,פעלים - רבים הווה,Choshvim,"Think (m, pl)",verb_choshvim.wav,3,פעלים_-_רבים_הווה,
865,חושבות,חוֹשְׁבוֹת,פעלים - רבים הווה,Choshvot,"Think (f, pl)",verb_choshvot.wav,3,פעלים_-_רבים_הווה,
866,מבינים,מְבִינִים,פעלים - רבים הווה,Mevinim,"Understand (m, pl)",verb_mevinim.wav,3,פעלים_-_רבים_הווה,
867,מבינות,מְבִינוֹת,פעלים - רבים הווה,Mevinot,"Understand (f, pl)",verb_mevinot.wav,3,פעלים_-_רבים_הווה,
868,שואלים,שׁוֹאֲלִים,פעלים - רבים הווה,Sho'alim,"Ask (m, pl)",verb_shoalim.wav,3,פעלים_-_רבים_הווה,
869,שואלות,שׁוֹאֲלוֹת,פעלים - רבים הווה,Sho'alot,"Ask (f, pl)",verb_shoalot.wav,3,פעלים_-_רבים_הווה,
870,עונים,עוֹנִים,פעלים - רבים הווה,Onim,"Answer (m, pl)",verb_onim.wav,3,פעלים_-_רבים_הווה,
871,עונות,עוֹנוֹת,פעלים - רבים הווה,Onot,"Answer (f, pl)",verb_onot.wav,3,פעלים_-_רבים_הווה,
872,צריכים,צְרִיכִים,פעלים - רבים הווה,Tzrichim,"Need (m, pl)",verb_tzrichim.wav,3,פעלים_-_רבים_הווה,
873,צריכות,צְרִיכוֹת,פעלים - רבים הווה,Tzrichot,"Need (f, pl)",verb_tzrichot.wav,3,פעלים_-_רבים_הווה,
874,פתוחים,פְּתוּחִים,צורות רבים,Ptuchim,"Open (m, pl)",adj_ptuchim.wav,3,צורות_רבים,
875,פתוחות,פְּתוּחוֹת,צורות רבים,Ptuchot,"Open (f, pl)",adj_ptuchot.wav,3,צורות_רבים,
876,סגורים,סְגוּרִים,צורות רבים,Sgurim,"Closed (m, pl)",adj_sgurim.wav,3,צורות_רבים,
877,סגורות,סְגוּרוֹת,צורות רבים,Sgurot,"Closed (f, pl)",adj_sgurot.wav,3,צורות_רבים,
878,מלאים,מְלֵאִים,צורות רבים,Mele'im,"Full (m, pl)",adj_meleim.wav,3,צורות_רבים,
879,מלאות,מְלֵאוֹת,צורות רבים,Mele'ot,"Full (f, pl)",adj_meleot.wav,3,צורות_רבים,
880,ריקים,רֵיקִים,צורות רבים,Rekim,"Empty (m, pl)",adj_rekim.wav,3,צורות_רבים,
881,ריקות,רֵיקוֹת,צורות רבים,Rekot,"Empty (f, pl)",adj_rekot.wav,3,צורות_רבים,
882,שבורים,שְׁבוּרִים,צורות רבים,Shvurim,"Broken (m, pl)",adj_shvurim.wav,3,צורות_רבים,
883,שבורות,שְׁבוּרוֹת,צורות רבים,Shvurot,"Broken (f, pl)",adj_shvurot.wav,3,צורות_רבים,
884,רטבים,רְטֻבִּים,צורות רבים,Retubim,"Wet (m, pl)",adj_retubim.wav,3,צורות_רבים,
885,רטבות,רְטֻבּוֹת,צורות רבים,Retubot,"Wet (f, pl)",adj_retubot.wav,3,צורות_רבים,
886,יבשים,יְבֵשִׁים,צורות רבים,Yeveshim,"Dry (m, pl)",adj_yeveshim.wav,3,צורות_רבים,
887,יבשות,יְבֵשׁוֹת,צורות רבים,Yeveshot,"Dry (f, pl)",adj_yeveshot.wav,3,צורות_רבים,
888,משקל,מִשְׁקָל,מושגים כלליים,Mishkal,Weight,general_mishkal.wav,3,מושגים_כלליים,
889,גבה,גֹּבַהּ,מושגים כלליים,Govah,Height,general_govah.wav,3,מושגים_כלליים,
890,ארך,אֹרֶךְ,מושגים כלליים,Orech,Length,general_orech.wav,3,מושגים_כלליים,
891,רחב,רֹחַב,מושגים כלליים,Rochav,Width,general_rochav.wav,3,מושגים_כלליים,
892,מרחק,מֶרְחָק,מושגים כלליים,Merchak,Distance,general_merchak.wav,3,מושגים_כלליים,
893,מהירות,מְהִירוּת,מושגים כלליים,Mehirut,Speed,general_mehirut.wav,3,מושגים_כלליים,
894,טמפרטורה,טֶמְפֶּרָטוּרָה,מושגים כלליים,Temperatura,Temperature,general_temperatura.wav,3,מושגים_כלליים,
895,רמה,רַמָה,מושגים כלליים,Rama,Level,general_rama.wav,3,מושגים_כלליים,
896,איכות,אֵיכוּת,מושגים כלליים,Eichut,Quality,general_eichut.wav,3,מושגים_כלליים,
897,כמות,כַּמּוּת,מושגים כלליים,Kamut,Quantity,general_kamut.wav,3,מושגים_כלליים,
898,אהבה,אַהֲבָה,רגשות מורכבים,Ahava,Love,feeling_ahava.wav,3,רגשות_מורכבים,
899,שנאה,שִׂנְאָה,רגשות מורכבים,Sin'a,Hate,feeling_sina.wav,3,רגשות_מורכבים,
900,קנאה,קִנְאָה,רגשות מורכבים,Kin'a,Jealousy,feeling_kina.wav,3,רגשות_מורכבים,
901,תקוה,תִּקְוָה,רגשות מורכבים,Tikva,Hope,feeling_tikva.wav,3,רגשות_מורכבים,
902,יאוש,יֵאוּשׁ,רגשות מורכבים,Ye'ush,Despair,feeling_yeush.wav,3,רגשות_מורכבים,
903,הקלה,הַקְלָה,רגשות מורכבים,Hakala,Relief,feeling_hakala.wav,3,רגשות_מורכבים,
904,חרטה,חֲרָטָה,רגשות מורכבים,Charata,Regret,feeling_charata.wav,3,רגשות_מורכבים,
905,הפתעה,הַפְתָּעָה,רגשות מורכבים,Hafta'a,Surprise,feeling_haftaa.wav,3,רגשות_מורכבים,
906,בדידות,בְּדִידוּת,רגשות מורכבים,Bdidut,Loneliness,feeling_bdidut.wav,3,רגשות_מורכבים,
907,געגוע,גַּעֲגוּעַ,רגשות מורכבים,Ga'agu'a,Missing/Longing,feeling_gaagua.wav,3,רגשות_מורכבים,
908,חם,חַם,מזג אוויר,Cham,Hot,weather_cham.wav,3,מזג_אוויר,
909,קר,קַר,מזג אוויר,Kar,Cold,weather_kar.wav,3,מזג_אוויר,
910,נעים,נָעִים,מזג אוויר,Na'im,Pleasant,weather_naim.wav,3,מזג_אוויר,
911,שמשי,שִׁמְשִׁי,מזג אוויר,Shimshi,Sunny,weather_shimshi.wav,3,מזג_אוויר,
912,מענן,מְעֻנָּן,מזג אוויר,Me'unan,Cloudy,weather_meunan.wav,3,מזג_אוויר,
913,גשום,גָּשׁוּם,מזג אוויר,Gashum,Rainy,weather_gashum.wav,3,מזג_אוויר,
914,סוער,סוֹעֵר,מזג אוויר,So'er,Stormy,weather_soer.wav,3,מזג_אוויר,
915,משלג,מֻשְׁלָג,מזג אוויר,Mushlag,Snowy,weather_mushlag.wav,3,מזג_אוויר,
916,לח,לַח,מזג אוויר,Lach,Humid,weather_lach.wav,3,מזג_אוויר,
917,יבש,יָבֵשׁ,מזג אוויר,Yavesh,Dry,weather_yavesh.wav,3,מזג_אוויר,
918,ברד,בָּרָד,מזג אוויר,Barad,Hail,weather_barad.wav,3,מזג_אוויר,
919,רעם,רַעַם,מזג אוויר,Ra'am,Thunder,weather_raam.wav,3,מזג_אוויר,
920,ברק,בָּרָק,מזג אוויר,Barak,Lightning,weather_barak.wav,3,מזג_אוויר,
921,קשת,קֶשֶׁת,מזג אוויר,Keshet,Rainbow,weather_keshet.wav,3,מזג_אוויר,
922,חוף,חוֹף,מושגי טבע,Chof,Beach/Coast,nature_chof.wav,3,מושגי_טבע,
923,אי,אִי,מושגי טבע,I,Island,nature_i.wav,3,מושגי_טבע,
924,הר געש,הַר גַּעַשׁ,מושגי טבע,Har Ga'ash,Volcano,nature_har_gaash.wav,3,מושגי_טבע,
925,מפל,מַפָּל,מושגי טבע,Mapal,Waterfall,nature_mapal.wav,3,מושגי_טבע,
926,מערה,מְעָרָה,מושגי טבע,Me'ara,Cave,nature_meara.wav,3,מושגי_טבע,
927,שקיעה,שְׁקִיעָה,מושגי טבע,Shki'a,Sunset,nature_shkia.wav,3,מושגי_טבע,
928,זריחה,זְרִיחָה,מושגי טבע,Zricha,Sunrise,nature_zricha.wav,3,מושגי_טבע,
929,ירח,יָרֵחַ,מושגי טבע,Yare'ach,Moon,nature_yareach.wav,3,מושגי_טבע,
930,כוכבים,כּוֹכָבִים,מושגי טבע,Kochavim,Stars,nature_kochavim.wav,3,מושגי_טבע,
931,גל,גַּל,מושגי טבע,Gal,Wave,nature_gal.wav,3,מושגי_טבע,
932,יצטרכו,יִצְטָרְכוּ,פעלים - עתיד,Yitztarchu,Will need (pl),verb_yitztarchu.wav,4,פעלים_-_עתיד,
933,יוכלו,יוּכְלוּ,פעלים - עתיד,Yuchlu,Will be able (pl),verb_yuchlu.wav,4,פעלים_-_עתיד,
934,יבינו,יָבִינוּ,פעלים - עתיד,Yavinu,Will understand (pl),verb_yavinu.wav,4,פעלים_-_עתיד,
935,יחפשו,יְחַפְּשׂוּ,פעלים - עתיד,Yechapsu,Will search (pl),verb_yechapsu.wav,4,פעלים_-_עתיד,
936,ימצאו,יִמְצְאוּ,פעלים - עתיד,Yimtze'u,Will find (pl),verb_yimtzeu.wav,4,פעלים_-_עתיד,
937,יזכרו,יִזְכְּרוּ,פעלים - עתיד,Yizkeru,Will remember (pl),verb_yizkeru.wav,4,פעלים_-_עתיד,
938,ישכחו,יִשְׁכְּחוּ,פעלים - עתיד,Yishkechu,Will forget (pl),verb_yishkechu.wav,4,פעלים_-_עתיד,
939,אין בעיה,אֵין בְּעָיָה,ביטויים,Ein Be'aya,No problem,phrase_ein_beaya.wav,4,ביטויים,
940,אין דבר,אֵין דָּבָר,ביטויים,Ein Davar,Never mind/It's nothing,phrase_ein_davar.wav,4,ביטויים,
941,מה קורה,מָה קוֹרֶה,ביטויים,Ma Kore?,What's up?,phrase_ma_kore.wav,4,ביטויים,
942,כמה זה עולה,כַּמָּה זֶה עוֹלֶה,ביטויים,Kama Ze Oleh?,How much does it cost?,phrase_kama_ze_oleh.wav,4,ביטויים,
943,אני לא מבין,אֲנִי לֹא מֵבִין,ביטויים,Ani Lo Mevin,I don't understand (m),phrase_ani_lo_mevin.wav,4,ביטויים,
944,אני לא מבינה,אֲנִי לֹא מְבִינָה,ביטויים,Ani Lo Mevina,I don't understand (f),phrase_ani_lo_mevina.wav,4,ביטויים,
945,אני לא יודע,אֲנִי לֹא יוֹדֵעַ,ביטויים,Ani Lo Yode'a,I don't know (m),phrase_ani_lo_yodea.wav,4,ביטויים,
946,אני לא יודעת,אֲנִי לֹא יוֹדַעַת,ביטויים,Ani Lo Yoda'at,I don't know (f),phrase_ani_lo_yodaat.wav,4,ביטויים,
947,אני צריך עזרה,אֲנִי צָרִיךְ עֶזְרָה,ביטויים,Ani Tzarich Ezra,I need help (m),phrase_ani_tzarich_ezra.wav,4,ביטויים,
948,אני צריכה עזרה,אֲנִי צְרִיכָה עֶזְרָה,ביטויים,Ani Tzricha Ezra,I need help (f),phrase_ani_tzricha_ezra.wav,4,ביטויים,
949,להתראות,לְהִתְרָאוֹת,ביטויים,Lehitra'ot,See you later/Goodbye,phrase_lehitraot.wav,4,ביטויים,
950,שבוע טוב,שָׁבוּעַ טוֹב,ביטויים,Shavu'a Tov,Have a good week,phrase_shavua_tov.wav,4,ביטויים,
951,חג שמח,חַג שָׂמֵחַ,ביטויים,Chag Same'ach,Happy holiday,phrase_chag_sameach.wav,4,ביטויים,
952,שבת שלום,שַׁבָּת שָׁלוֹם,ביטויים,Shabbat Shalom,Have a peaceful Sabbath,phrase_shabbat_shalom.wav,4,ביטויים,
953,מברשת שנים,מִבְרֶשֶׁת שִׁנַּיִם,צירופי מילים,Mivreshet Shinayim,Toothbrush,combo_mivreshet_shinayim.wav,4,צירופי_מילים,
954,כותבים,כּוֹתְבִים,פעלים - רבים הווה,Kotvim,"Write (m, pl)",verb_kotvim.wav,3,פעלים_-_רבים_הווה,
955,כותבות,כּוֹתְבוֹת,פעלים - רבים הווה,Kotvot,"Write (f, pl)",verb_kotvot.wav,3,פעלים_-_רבים_הווה,
956,קוראים,קוֹרְאִים,פעלים - רבים הווה,Kor'im,"Read (m, pl)",verb_korim.wav,3,פעלים_-_רבים_הווה,
957,קוראות,קוֹרְאוֹת,פעלים - רבים הווה,Kor'ot,"Read (f, pl)",verb_korot.wav,3,פעלים_-_רבים_הווה,
958,עובדים,עוֹבְדִים,פעלים - רבים הווה,Ovdim,"Work (m, pl)",verb_ovdim.wav,3,פעלים_-_רבים_הווה,
959,עובדות,עוֹבְדוֹת,פעלים - רבים הווה,Ovdot,"Work (f, pl)",verb_ovdot.wav,3,פעלים_-_רבים_הווה,
960,לומדים,לוֹמְדִים,פעלים - רבים הווה,Lomdim,"Learn (m, pl)",verb_lomdim.wav,3,פעלים_-_רבים_הווה,
961,לומדות,לוֹמְדוֹת,פעלים - רבים הווה,Lomdot,"Learn (f, pl)",verb_lomdot.wav,3,פעלים_-_רבים_הווה,
962,יודעים,יוֹדְעִים,פעלים - רבים הווה,Yod'im,"Know (m, pl)",verb_yodim.wav,3,פעלים_-_רבים_הווה,
963,יודעות,יוֹדְעוֹת,פעלים - רבים הווה,Yod'ot,"Know (f, pl)",verb_yodot.wav,3,פעלים_-_רבים_הווה,
964,היו,הָיוּ,פעלים - רבים עבר,Hayu,Were (pl),verb_hayu.wav,3,פעלים_-_רבים_עבר,
965,אמרו,אָמְרוּ,פעלים - רבים עבר,Amru,Said (pl),verb_amru.wav,3,פעלים_-_רבים_עבר,
966,הלכו,הָלְכוּ,פעלים - רבים עבר,Halchu,Went (pl),verb_halchu.wav,3,פעלים_-_רבים_עבר,
967,ראו,רָאוּ,פעלים - רבים עבר,Ra'u,Saw (pl),verb_rau.wav,3,פעלים_-_רבים_עבר,
968,שמעו,שָׁמְעוּ,פעלים - רבים עבר,Sham'u,Heard (pl),verb_shamu.wav,3,פעלים_-_רבים_עבר,
969,אכלו,אָכְלוּ,פעלים - רבים עבר,Achlu,Ate (pl),verb_achlu.wav,3,פעלים_-_רבים_עבר,
970,שתו,שָׁתוּ,פעלים - רבים עבר,Shatu,Drank (pl),verb_shatu.wav,3,פעלים_-_רבים_עבר,
971,כתבו,כָּתְבוּ,פעלים - רבים עבר,Katvu,Wrote (pl),verb_katvu.wav,3,פעלים_-_רבים_עבר,
972,קראו,קָרְאוּ,פעלים - רבים עבר,Kar'u,Read (pl),verb_karu.wav,3,פעלים_-_רבים_עבר,
973,נתנו,נָתְנוּ,פעלים - רבים עבר,Natnu,Gave (pl),verb_natnu.wav,3,פעלים_-_רבים_עבר,
974,עשו,עָשׂוּ,פעלים - רבים עבר,Asu,Did (pl),verb_asu.wav,3,פעלים_-_רבים_עבר,
975,ישבו,יָשְׁבוּ,פעלים - רבים עבר,Yashvu,Sat (pl),verb_yashvu.wav,3,פעלים_-_רבים_עבר,
976,עמדו,עָמְדוּ,פעלים - רבים עבר,Amdu,Stood (pl),verb_amdu.wav,3,פעלים_-_רבים_עבר,
977,רצו,רָצוּ,פעלים - רבים עבר,Ratzu,Ran (pl),verb_ratzu_ran.wav,3,פעלים_-_רבים_עבר,
978,ידעו,יָדְעוּ,פעלים - רבים עבר,Yad'u,Knew (pl),verb_yadu.wav,3,פעלים_-_רבים_עבר,
979,רצו,רָצוּ,פעלים - רבים עבר,Ratzu,Wanted (pl),verb_ratzu_wanted.wav,3,פעלים_-_רבים_עבר,
980,יכלו,יָכְלוּ,פעלים - רבים עבר,Yachlu,Could (pl),verb_yachlu.wav,3,פעלים_-_רבים_עבר,
981,פתחו,פָּתְחוּ,פעלים - רבים עבר,Patchu,Opened (pl),verb_patchu.wav,3,פעלים_-_רבים_עבר,
982,סגרו,סָגְרוּ,פעלים - רבים עבר,Sagru,Closed (pl),verb_sagru.wav,3,פעלים_-_רבים_עבר,
983,קנו,קָנוּ,פעלים - רבים עבר,Kanu,Bought (pl),verb_kanu.wav,3,פעלים_-_רבים_עבר,
984,יאמרו,יֹאמְרוּ,פעלים - רבים עתיד,Yomru,Will say (pl),verb_yomru.wav,3,פעלים_-_רבים_עתיד,
985,ילכו,יֵלְכוּ,פעלים - רבים עתיד,Yelchu,Will go (pl),verb_yelchu.wav,3,פעלים_-_רבים_עתיד,
986,יראו,יִרְאוּ,פעלים - רבים עתיד,Yir'u,Will see (pl),verb_yiru.wav,3,פעלים_-_רבים_עתיד,
987,ישמעו,יִשְׁמְעוּ,פעלים - רבים עתיד,Yishme'u,Will hear (pl),verb_yishmeu.wav,3,פעלים_-_רבים_עתיד,
988,יאכלו,יֹאכְלוּ,פעלים - רבים עתיד,Yochlu,Will eat (pl),verb_yochlu.wav,3,פעלים_-_רבים_עתיד,
989,ישתו,יִשְׁתּוּ,פעלים - רבים עתיד,Yishtu,Will drink (pl),verb_yishtu.wav,3,פעלים_-_רבים_עתיד,
990,יכתבו,יִכְתְּבוּ,פעלים - רבים עתיד,Yichtevu,Will write (pl),verb_yichtevu.wav,3,פעלים_-_רבים_עתיד,
991,יקראו,יִקְרְאוּ,פעלים - רבים עתיד,Yikre'u,Will read (pl),verb_yikreu.wav,3,פעלים_-_רבים_עתיד,
992,יתנו,יִתְּנוּ,פעלים - רבים עתיד,Yitnu,Will give (pl),verb_yitnu.wav,3,פעלים_-_רבים_עתיד,
993,יהיו,יִהְיוּ,פעלים - רבים עתיד,Yihiyu,Will be (pl),verb_yihiyu.wav,3,פעלים_-_רבים_עתיד,
994,יעבדו,יַעַבְדוּ,פעלים - רבים עתיד,Ya'avdu,Will work (pl),verb_yaavdu.wav,3,פעלים_-_רבים_עתיד,
995,ילמדו,יִלְמְדוּ,פעלים - רבים עתיד,Yilmedu,Will learn (pl),verb_yilmedu.wav,3,פעלים_-_רבים_עתיד,
996,ישחקו,יְשַׂחֲקוּ,פעלים - רבים עתיד,Yesachaku,Will play (pl),verb_yesachaku.wav,3,פעלים_-_רבים_עתיד,
997,ירוצו,יָרוּצוּ,פעלים - רבים עתיד,Yarutzu,Will run (pl),verb_yarutzu.wav,3,פעלים_-_רבים_עתיד,
998,ישבו,יֵשְׁבוּ,פעלים - רבים עתיד,Yeshvu,Will sit (pl),verb_yeshvu.wav,3,פעלים_-_רבים_עתיד,
999,יעמדו,יַעַמְדוּ,פעלים - רבים עתיד,Ya'amdu,Will stand (pl),verb_yaamdu.wav,3,פעלים_-_רבים_עתיד,
1000,יפתחו,יִפְתְּחוּ,פעלים - רבים עתיד,Yiftechi,Will open (pl),verb_yiftechi.wav,3,פעלים_-_רבים_עתיד,
1001,יסגרו,יִסְגְּרוּ,פעלים - רבים עתיד,Yisgeru,Will close (pl),verb_yisgeru.wav,3,פעלים_-_רבים_עתיד,
1002,יקנו,יִקְנוּ,פעלים - רבים עתיד,Yiknu,Will buy (pl),verb_yiknu.wav,3,פעלים_-_רבים_עתיד,
1003,יבנו,יִבְנוּ,פעלים - רבים עתיד,Yivnu,Will build (pl),verb_yivnu.wav,3,פעלים_-_רבים_עתיד,
1004,בתים,בָּתִּים,צורות רבים,Batim,Houses,noun_batim.wav,3,צורות_רבים,
1005,דלתות,דְּלָתוֹת,צורות רבים,Dlatot,Doors,noun_dlatot.wav,3,צורות_רבים,
1006,חלונות,חַלּוֹנוֹת,צורות רבים,Chalonot,Windows,noun_chalonot.wav,3,צורות_רבים,
1007,שלחנות,שֻׁלְחָנוֹת,צורות רבים,Shulchanot,Tables,noun_shulchanot.wav,3,צורות_רבים,
1008,כסאות,כִּסְאוֹת,צורות רבים,Kis'ot,Chairs,noun_kisot.wav,3,צורות_רבים,
1009,מטות,מִטּוֹת,צורות רבים,Mitot,Beds,noun_mitot.wav,3,צורות_רבים,
1010,ספרים,סְפָרִים,צורות רבים,Sfarim,Books,noun_sfarim.wav,3,צורות_רבים,
1011,מחשבים,מַחְשְׁבִים,צורות רבים,Machshevim,Computers,noun_machshevim.wav,3,צורות_רבים,
1012,מכוניות,מְכוֹנִיּוֹת,צורות רבים,Mechoniyot,Cars,noun_mechoniyot.wav,3,צורות_רבים,
1013,אנשים,אֲנָשִׁים,צורות רבים,Anashim,People,noun_anashim.wav,3,צורות_רבים,
1014,ילדים,יְלָדִים,צורות רבים,Yeladim,Children,noun_yeladim.wav,3,צורות_רבים,
1015,בנים,בָּנִים,צורות רבים,Banim,Boys/Sons,noun_banim.wav,3,צורות_רבים,
1016,בנות,בָּנוֹת,צורות רבים,Banot,Girls/Daughters,noun_banot.wav,3,צורות_רבים,
1017,גברים,גְּבָרִים,צורות רבים,Gvarim,Men,noun_gvarim.wav,3,צורות_רבים,
1018,נשים,נָשִׁים,צורות רבים,Nashim,Women,noun_nashim.wav,3,צורות_רבים,
1019,ימים,יָמִים,צורות רבים,Yamim,Days,noun_yamim.wav,3,צורות_רבים,
1020,לילות,לֵילוֹת,צורות רבים,Leilot,Nights,noun_leilot.wav,3,צורות_רבים,
1021,שבועות,שָׁבוּעוֹת,צורות רבים,Shavu'ot,Weeks,noun_shavuot.wav,3,צורות_רבים,
1022,חדשים,חֳדָשִׁים,צורות רבים,Chodashim,Months,noun_chodashim.wav,3,צורות_רבים,
1023,שנים,שָׁנִים,צורות רבים,Shanim,Years,noun_shanim.wav,3,צורות_רבים,
1024,רעבים,רְעֵבִים,צורות רבים,Re'evim,"Hungry (m, pl)",feeling_reevim.wav,3,צורות_רבים,
1025,רעבות,רְעֵבוֹת,צורות רבים,Re'evot,"Hungry (f, pl)",feeling_reevot.wav,3,צורות_רבים,
1026,צמאים,צְמֵאִים,צורות רבים,Tzme'im,"Thirsty (m, pl)",feeling_tzmeim.wav,3,צורות_רבים,
1027,צמאות,צְמֵאוֹת,צורות רבים,Tzme'ot,"Thirsty (f, pl)",feeling_tzmeot.wav,3,צורות_רבים,
1028,חולים,חוֹלִים,צורות רבים,Cholim,"Sick (m, pl)",feeling_cholim.wav,3,צורות_רבים,
1029,חולות,חוֹלוֹת,צורות רבים,Cholot,"Sick (f, pl)",feeling_cholot.wav,3,צורות_רבים,
1030,בריאים,בְּרִיאִים,צורות רבים,Bri'im,"Healthy (m, pl)",feeling_briim.wav,3,צורות_רבים,
1031,בריאות,בְּרִיאוֹת,צורות רבים,Bri'ot,"Healthy (f, pl)",feeling_briot.wav,3,צורות_רבים,
1032,מהירים,מְהִירִים,צורות רבים,Mehirim,"Fast (m, pl)",adj_mehirim.wav,3,צורות_רבים,
1033,מהירות,מְהִירוֹת,צורות רבים,Mehirot,"Fast (f, pl)",adj_mehirot.wav,3,צורות_רבים,
1034,כרטיס טיסה,כַּרְטִיס טִיסָה,צירופי מילים,Kartis Tisa,Flight ticket,combo_kartis_tisa.wav,4,צירופי_מילים,
1035,תחנת רכבת,תַּחֲנַת רַכֶּבֶת,צירופי מילים,Tachanat Rakevet,Train station,combo_tachanat_rakevet.wav,4,צירופי_מילים,
1036,נמל תעופה,נְמַל תְּעוּפָה,צירופי מילים,Nemal Te'ufa,Airport,combo_nemal_teufa.wav,4,צירופי_מילים,
1037,כאב ראש,כְּאֵב רֹאשׁ,צירופי מילים,Ke'ev Rosh,Headache,combo_keev_rosh.wav,4,צירופי_מילים,
1038,כאב בטן,כְּאֵב בֶּטֶן,צירופי מילים,Ke'ev Beten,Stomach ache,combo_keev_beten.wav,4,צירופי_מילים,
1039,כוס קפה,כּוֹס קָפֶה,צירופי מילים,Kos Kafeh,Cup of coffee,combo_kos_kafeh.wav,4,צירופי_מילים,
1040,כוס תה,כּוֹס תֶּה,צירופי מילים,Kos Teh,Cup of tea,combo_kos_teh.wav,4,צירופי_מילים,
1041,בקבוק מים,בַּקְבּוּק מַיִם,צירופי מילים,Bakbuk Mayim,Bottle of water,combo_bakbuk_mayim.wav,4,צירופי_מילים,
1042,קניון,קַנְיוֹן,צירופי מילים,Kanyon,Shopping mall,combo_kanyon.wav,4,צירופי_מילים,
1043,לוח מודעות,לוּחַ מוֹדָעוֹת,צירופי מילים,Lu'ach Moda'ot,Notice board,combo_luach_modaot.wav,4,צירופי_מילים,
1044,גן חיות,גַּן חַיּוֹת,צירופי מילים,Gan Chayot,Zoo,combo_gan_chayot.wav,4,צירופי_מילים,
1045,פח אשפה,פַּח אַשְׁפָּה,צירופי מילים,Pach Ashpa,Trash can,combo_pach_ashpa.wav,4,צירופי_מילים,
1046,כח משיכה,כֹּחַ מְשִׁיכָה,צירופי מילים,Ko'ach Meshicha,Gravity,combo_koach_meshicha.wav,4,צירופי_מילים,
1047,קרם הגנה,קֶרֶם הֲגָנָה,צירופי מילים,Krem Hagana,Sunscreen,combo_krem_hagana.wav,4,צירופי_מילים,
1048,משקפי שמש,מִשְׁקְפֵי שֶׁמֶשׁ,צירופי מילים,Mishkefei Shemesh,Sunglasses,combo_mishkefei_shemesh.wav,4,צירופי_מילים,
1049,בגד ים,בֶּגֶד יָם,צירופי מילים,Beged Yam,Swimsuit,combo_beged_yam.wav,4,צירופי_מילים,
1050,מגרש משחקים,מִגְרַשׁ מִשְׂחָקִים,צירופי מילים,Migrash Mischakim,Playground,combo_migrash_mischakim.wav,4,צירופי_מילים,
1051,משקפים,מִשְׁקָפַיִם,צירופי מילים,Mishkafayim,Glasses,combo_mishkafayim.wav,4,צירופי_מילים,
1052,שעון יד,שְׁעוֹן יָד,צירופי מילים,Sha'on Yad,Wristwatch,combo_shaon_yad.wav,4,צירופי_מילים,
1053,בית מרקחת,בֵּית מִרְקַחַת,צירופי מילים,Beit Mirkachat,Pharmacy,combo_beit_mirkachat.wav,4,צירופי_מילים,
1054,שפם,שָׂפָם,צורות גוף,Safam,Mustache,body_safam.wav,3,צורות_גוף,
1055,זקן,זָקָן,צורות גוף,Zakan,Beard,body_zakan.wav,3,צורות_גוף,
1056,גבה,גַּבָּה,צורות גוף,Gaba,Eyebrow,body_gaba.wav,3,צורות_גוף,
1057,ריסים,רִיסִים,צורות גוף,Risim,Eyelashes,body_risim.wav,3,צורות_גוף,
1058,לשון,לָשׁוֹן,צורות גוף,Lashon,Tongue,body_lashon.wav,3,צורות_גוף,
1059,סנטר,סַנְטֵר,צורות גוף,Santer,Chin,body_santer.wav,3,צורות_גוף,
1060,לחי,לֶחִי,צורות גוף,Lechi,Cheek,body_lechi.wav,3,צורות_גוף,
1061,מצח,מֵצַח,צורות גוף,Metzach,Forehead,body_metzach.wav,3,צורות_גוף,
1062,צואר,צַוָּאר,צורות גוף,Tzavar,Neck,body_tzavar.wav,3,צורות_גוף,
1063,חזה,חָזֶה,צורות גוף,Chazeh,Chest,body_chazeh.wav,3,צורות_גוף,
1064,גב,גַּב,צורות גוף,Gav,Back,body_gav.wav,3,צורות_גוף,
1065,מרפק,מַרְפֵּק,צורות גוף,Marpek,Elbow,body_marpek.wav,3,צורות_גוף,
1066,אצבע,אֶצְבַּע,צורות גוף,Etzba,Finger/Toe,body_etzba.wav,3,צורות_גוף,
1067,צפרן,צִפֹּרֶן,צורות גוף,Tziporen,Nail,body_tziporen.wav,3,צורות_גוף,
1068,בוא,בּוֹא,פעלים - ציווי,Bo,"Come (m, imperative)",verb_bo.wav,3,פעלים_-_ציווי,
1069,בואי,בּוֹאִי,פעלים - ציווי,Bo'i,"Come (f, imperative)",verb_boi.wav,3,פעלים_-_ציווי,
1070,לך,לֵךְ,פעלים - ציווי,Lech,"Go (m, imperative)",verb_lech.wav,3,פעלים_-_ציווי,
1071,לכי,לְכִי,פעלים - ציווי,Lechi,"Go (f, imperative)",verb_lechi.wav,3,פעלים_-_ציווי,
1072,שב,שֵׁב,פעלים - ציווי,Shev,"Sit (m, imperative)",verb_shev.wav,3,פעלים_-_ציווי,
1073,שבי,שְׁבִי,פעלים - ציווי,Shvi,"Sit (f, imperative)",verb_shvi.wav,3,פעלים_-_ציווי,
1074,קום,קוּם,פעלים - ציווי,Kum,"Get up (m, imperative)",verb_kum.wav,3,פעלים_-_ציווי,
1075,קומי,קוּמִי,פעלים - ציווי,Kumi,"Get up (f, imperative)",verb_kumi.wav,3,פעלים_-_ציווי,
1076,תן,תֵּן,פעלים - ציווי,Ten,"Give (m, imperative)",verb_ten.wav,3,פעלים_-_ציווי,
1077,תני,תְּנִי,פעלים - ציווי,Tni,"Give (f, imperative)",verb_tni.wav,3,פעלים_-_ציווי,
1078,קח,קַח,פעלים - ציווי,Kach,"Take (m, imperative)",verb_kach.wav,3,פעלים_-_ציווי,
1079,קחי,קְחִי,פעלים - ציווי,Kchi,"Take (f, imperative)",verb_kchi.wav,3,פעלים_-_ציווי,
1080,מיחד,מְיֻחָד,שמות תואר,Meyuchad,Special (m),adj_meyuchad.wav,2,שמות_תואר,
1081,מיחדת,מְיֻחֶדֶת,שמות תואר,Meyuchedet,Special (f),adj_meyuchedet.wav,2,שמות_תואר,
1082,פשוט,פָּשׁוּט,שמות תואר,Pashut,Simple (m),adj_pashut.wav,2,שמות_תואר,
1083,פשוטה,פְּשׁוּטָה,שמות תואר,Pshuta,Simple (f),adj_pshuta.wav,2,שמות_תואר,
1084,מסבך,מְסֻבָּךְ,שמות תואר,Mesubach,Complicated (m),adj_mesubach.wav,2,שמות_תואר,
1085,מסבכת,מְסֻבֶּכֶת,שמות תואר,Mesubechet,Complicated (f),adj_mesubechet.wav,2,שמות_תואר,
1086,אחרון,אַחֲרוֹן,שמות תואר,Acharon,Last (m),adj_acharon.wav,2,שמות_תואר,
1087,אחרונה,אַחֲרוֹנָה,שמות תואר,Acharona,Last (f),adj_acharona.wav,2,שמות_תואר,
1088,ראשון,רִאשׁוֹן,שמות תואר,Rishon,First (m),adj_rishon.wav,2,שמות_תואר,
1089,ראשונה,רִאשׁוֹנָה,שמות תואר,Rishona,First (f),adj_rishona.wav,2,שמות_תואר,
1090,סדר,סֵדֶר,מושגים מופשטים,Seder,Order,abstract_seder.wav,3,מושגים_מופשטים,
1091,בלגן,בָּלָגָן,מושגים מופשטים,Balagan,Mess,abstract_balagan.wav,3,מושגים_מופשטים,
1092,כשרון,כִּשָּׁרוֹן,מושגים מופשטים,Kisharon,Talent,abstract_kisharon.wav,3,מושגים_מופשטים,
1093,סבלנות,סַבְלָנוּת,מושגים מופשטים,Savlanut,Patience,abstract_savlanut.wav,3,מושגים_מופשטים,
1094,הצלחה,הַצְלָחָה,מושגים מופשטים,Hatzlacha,Success,abstract_hatzlacha.wav,3,מושגים_מופשטים,
1095,כשלון,כִּשָּׁלוֹן,מושגים מופשטים,Kishalon,Failure,abstract_kishalon.wav,3,מושגים_מופשטים,
1096,נצחון,נִצָּחוֹן,מושגים מופשטים,Nitzachon,Victory,abstract_nitzachon.wav,3,מושגים_מופשטים,
1097,הפסד,הֶפְסֵד,מושגים מופשטים,Hefsed,Loss,abstract_hefsed.wav,3,מושגים_מופשטים,
1098,סכנה,סַכָּנָה,מושגים מופשטים,Sakana,Danger,abstract_sakana.wav,3,מושגים_מופשטים,
1099,בטחון,בִּטָּחוֹן,מושגים מופשטים,Bitachon,Safety/Security/Confidence,abstract_bitachon.wav,3,מושגים_מופשטים,
1100,הרגל,הֶרְגֵּל,מושגים מופשטים,Hergel,Habit,abstract_hergel.wav,3,מושגים_מופשטים,
1101,חפש,חֹפֶשׁ,מושגים מופשטים,Chofesh,Freedom,abstract_chofesh.wav,3,מושגים_מופשטים,
1102,חפשה,חֻפְשָׁה,מושגים מופשטים,Chufsha,Vacation,abstract_chufsha.wav,3,מושגים_מופשטים,
1103,כבוד,כָּבוֹד,מושגים מופשטים,Kavod,Respect/Honor,abstract_kavod.wav,3,מושגים_מופשטים,
1104,משלמים,מְשַׁלְּמִים,פעלים - רבים הווה,Meshalmim,"Pay (m, pl)",verb_meshalmim.wav,3,פעלים_-_רבים_הווה,
1105,משלמות,מְשַׁלְּמוֹת,פעלים - רבים הווה,Meshalmot,"Pay (f, pl)",verb_meshalmot.wav,3,פעלים_-_רבים_הווה,
1106,נוסעים,נוֹסְעִים,פעלים - רבים הווה,Nos'im,"Travel/Drive (m, pl)",verb_nosim.wav,3,פעלים_-_רבים_הווה,
1107,נוסעות,נוֹסְעוֹת,פעלים - רבים הווה,Nos'ot,"Travel/Drive (f, pl)",verb_nosot.wav,3,פעלים_-_רבים_הווה,
1108,טסים,טָסִים,פעלים - רבים הווה,Tasim,"Fly (m, pl)",verb_tasim.wav,3,פעלים_-_רבים_הווה,
1109,טסות,טָסוֹת,פעלים - רבים הווה,Tasot,"Fly (f, pl)",verb_tasot.wav,3,פעלים_-_רבים_הווה,
1110,חושבים,חוֹשְׁבִים,פעלים - רבים הווה,Choshvim,"Think (m, pl)",verb_choshvim.wav,3,פעלים_-_רבים_הווה,
1111,חושבות,חוֹשְׁבוֹת,פעלים - רבים הווה,Choshvot,"Think (f, pl)",verb_choshvot.wav,3,פעלים_-_רבים_הווה,
1112,מתחילים,מַתְחִילִים,פעלים - רבים הווה,Matchilim,"Start (m, pl)",verb_matchilim.wav,3,פעלים_-_רבים_הווה,
1113,מתחילות,מַתְחִילוֹת,פעלים - רבים הווה,Matchilot,"Start (f, pl)",verb_matchilot.wav,3,פעלים_-_רבים_הווה,
1114,גומרים,גּוֹמְרִים,פעלים - רבים הווה,Gomrim,"Finish (m, pl)",verb_gomrim.wav,3,פעלים_-_רבים_הווה,
1115,גומרות,גּוֹמְרוֹת,פעלים - רבים הווה,Gomrot,"Finish (f, pl)",verb_gomrot.wav,3,פעלים_-_רבים_הווה,
1116,מקבלים,מְקַבְּלִים,פעלים - רבים הווה,Mekablim,"Receive (m, pl)",verb_mekablim.wav,3,פעלים_-_רבים_הווה,
1117,מקבלות,מְקַבְּלוֹת,פעלים - רבים הווה,Mekablot,"Receive (f, pl)",verb_mekablot.wav,3,פעלים_-_רבים_הווה,
1118,שולחים,שׁוֹלְחִים,פעלים - רבים הווה,Sholchim,"Send (m, pl)",verb_sholchim.wav,3,פעלים_-_רבים_הווה,
1119,שולחות,שׁוֹלְחוֹת,פעלים - רבים הווה,Sholchot,"Send (f, pl)",verb_sholchot.wav,3,פעלים_-_רבים_הווה,
1120,מחכים,מְחַכִּים,פעלים - רבים הווה,Mechakim,"Wait (m, pl)",verb_mechakim.wav,3,פעלים_-_רבים_הווה,
1121,מחכות,מְחַכּוֹת,פעלים - רבים הווה,Mechakot,"Wait (f, pl)",verb_mechakot.wav,3,פעלים_-_רבים_הווה,
1122,מחפשים,מְחַפְּשִׂים,פעלים - רבים הווה,Mechapsim,"Search (m, pl)",verb_mechapsim.wav,3,פעלים_-_רבים_הווה,
1123,מחפשות,מְחַפְּשׂוֹת,פעלים - רבים הווה,Mechapsot,"Search (f, pl)",verb_mechapsot.wav,3,פעלים_-_רבים_הווה,
1124,מוצאים,מוֹצְאִים,פעלים - רבים הווה,Motz'im,"Find (m, pl)",verb_motzim.wav,3,פעלים_-_רבים_הווה,
1125,מוצאות,מוֹצְאוֹת,פעלים - רבים הווה,Motz'ot,"Find (f, pl)",verb_motzot.wav,3,פעלים_-_רבים_הווה,
1126,מצליחים,מַצְלִיחִים,פעלים - רבים הווה,Matzlichim,"Succeed (m, pl)",verb_matzlichim.wav,3,פעלים_-_רבים_הווה,
1127,מצליחות,מַצְלִיחוֹת,פעלים - רבים הווה,Matzlichot,"Succeed (f, pl)",verb_matzlichot.wav,3,פעלים_-_רבים_הווה,
1128,נכשלים,נִכְשָׁלִים,פעלים - רבים הווה,Nichshalim,"Fail (m, pl)",verb_nichshalim.wav,3,פעלים_-_רבים_הווה,
1129,נכשלות,נִכְשָׁלוֹת,פעלים - רבים הווה,Nichshalot,"Fail (f, pl)",verb_nichshalot.wav,3,פעלים_-_רבים_הווה,
1130,בודקים,בּוֹדְקִים,פעלים - רבים הווה,Bodkim,"Check (m, pl)",verb_bodkim.wav,3,פעלים_-_רבים_הווה,
1131,בודקות,בּוֹדְקוֹת,פעלים - רבים הווה,Bodkot,"Check (f, pl)",verb_bodkot.wav,3,פעלים_-_רבים_הווה,
1132,נוגעים,נוֹגְעִים,פעלים - רבים הווה,Nog'im,"Touch (m, pl)",verb_nogim.wav,3,פעלים_-_רבים_הווה,
1133,נוגעות,נוֹגְעוֹת,פעלים - רבים הווה,Nog'ot,"Touch (f, pl)",verb_nogot.wav,3,פעלים_-_רבים_הווה,
1134,מיחדים,מְיֻחָדִים,צורות רבים,Meyuchadim,"Special (m, pl)",adj_meyuchadim.wav,3,צורות_רבים,
1135,מיחדות,מְיֻחָדוֹת,צורות רבים,Meyuchadot,"Special (f, pl)",adj_meyuchadot.wav,3,צורות_רבים,
1136,פשוטים,פְּשׁוּטִים,צורות רבים,Pshutim,"Simple (m, pl)",adj_pshutim.wav,3,צורות_רבים,
1137,פשוטות,פְּשׁוּטוֹת,צורות רבים,Pshutot,"Simple (f, pl)",adj_pshutot.wav,3,צורות_רבים,
1138,מסבכים,מְסֻבָּכִים,צורות רבים,Mesubachim,"Complicated (m, pl)",adj_mesubachim.wav,3,צורות_רבים,
1139,מסבכות,מְסֻבָּכוֹת,צורות רבים,Mesubachot,"Complicated (f, pl)",adj_mesubachot.wav,3,צורות_רבים,
1140,אחרונים,אַחֲרוֹנִים,צורות רבים,Acharonim,"Last (m, pl)",adj_acharonim.wav,3,צורות_רבים,
1141,אחרונות,אַחֲרוֹנוֹת,צורות רבים,Acharonot,"Last (f, pl)",adj_acharonot.wav,3,צורות_רבים,
1142,ראשונים,רִאשׁוֹנִים,צורות רבים,Rishonim,"First (m, pl)",adj_rishonim.wav,3,צורות_רבים,
1143,ראשונות,רִאשׁוֹנוֹת,צורות רבים,Rishonot,"First (f, pl)",adj_rishonot.wav,3,צורות_רבים,
1144,דרך ארץ,דֶּרֶךְ אֶרֶץ,שמות עצם,Derech Eretz,Good manners/Respect,noun_derech_eretz.wav,3,שמות_עצם,
1145,מצב,מַצָּב,שמות עצם,Matzav,Situation/State,noun_matzav.wav,3,שמות_עצם,
1146,סוג,סוּג,שמות עצם,Sug,Type/Kind,noun_sug.wav,3,שמות_עצם,
1147,גדל,גֹּדֶל,שמות עצם,Godel,Size,noun_godel.wav,3,שמות_עצם,
1148,מספר,מִסְפָּר,שמות עצם,Mispar,Number,noun_mispar.wav,3,שמות_עצם,
1149,אות,אוֹת,שמות עצם,Ot,Letter (alphabet),noun_ot.wav,3,שמות_עצם,
1150,שפה,שָׂפָה,שמות עצם,Safa,Language/Lip,noun_safa.wav,3,שמות_עצם,
1151,דבור,דִּבּוּר,שמות עצם,Dibur,Speech,noun_dibur.wav,3,שמות_עצם,
1152,שיחה,שִׂיחָה,שמות עצם,Sicha,Conversation,noun_sicha.wav,3,שמות_עצם,
1153,רעיונות,רַעֲיוֹנוֹת,שמות עצם,Ra'ayonot,Ideas,noun_raayonot.wav,3,שמות_עצם,
1154,בעיות,בְּעָיוֹת,שמות עצם,Be'ayot,Problems,noun_beayot.wav,3,שמות_עצם,
1155,שאלות,שְׁאֵלוֹת,שמות עצם,She'elot,Questions,noun_sheelot.wav,3,שמות_עצם,
1156,תשובות,תְּשׁוּבוֹת,שמות עצם,Tshuvot,Answers,noun_tshuvot.wav,3,שמות_עצם,
1157,סיפורים,סִיפּוּרִים,שמות עצם,Sipurim,Stories,noun_sipurim.wav,3,שמות_עצם,
1158,גיטרה,גִּיטָרָה,כלי נגינה,Gitara,Guitar,instrument_gitara.wav,3,כלי_נגינה,
1159,פסנתר,פְּסַנְתֵּר,כלי נגינה,Psanter,Piano,instrument_psanter.wav,3,כלי_נגינה,
1160,תפים,תֻּפִּים,כלי נגינה,Tupim,Drums,instrument_tupim.wav,3,כלי_נגינה,
1161,כנור,כִּנּוֹר,כלי נגינה,Kinor,Violin,instrument_kinor.wav,3,כלי_נגינה,
1162,חצוצרה,חֲצוֹצְרָה,כלי נגינה,Chatzotzra,Trumpet,instrument_chatzotzra.wav,3,כלי_נגינה,
1163,ספה,סַפָּה,רהיטים,Sapa,Sofa/Couch,furniture_sapa.wav,3,רהיטים,
1164,כרסה,כֻּרְסָה,רהיטים,Kursa,Armchair,furniture_kursa.wav,3,רהיטים,
1165,שידה,שִׁידָּה,רהיטים,Shida,Dresser/Chest of drawers,furniture_shida.wav,3,רהיטים,
1166,מזנון,מִזְנוֹן,רהיטים,Miznon,Buffet/Sideboard,furniture_miznon.wav,3,רהיטים,
1167,וילון,וִילוֹן,רהיטים,Vilon,Curtain,furniture_vilon.wav,3,רהיטים,
1168,שטיח,שָׁטִיחַ,רהיטים,Shati'ach,Carpet/Rug,furniture_shatiach.wav,3,רהיטים,
1169,מנורה,מְנוֹרָה,רהיטים,Menora,Lamp,furniture_menora.wav,3,רהיטים,
1170,עגבניה,עַגְבָנִיָּה,ירקות,Agvaniya,Tomato,vegetable_agvaniya.wav,3,ירקות,
1171,מלפפון,מְלָפְפוֹן,ירקות,Melafefon,Cucumber,vegetable_melafefon.wav,3,ירקות,
1172,גזר,גֶּזֶר,ירקות,Gezer,Carrot,vegetable_gezer.wav,3,ירקות,
1173,בצל,בָּצָל,ירקות,Batzal,Onion,vegetable_batzal.wav,3,ירקות,
1174,שום,שׁוּם,ירקות,Shum,Garlic,vegetable_shum.wav,3,ירקות,
1175,חסה,חַסָּה,ירקות,Chasa,Lettuce,vegetable_chasa.wav,3,ירקות,
1176,פלפל,פִּלְפֵּל,ירקות,Pilpel,Pepper,vegetable_pilpel.wav,3,ירקות,
1177,כרוב,כְּרוּב,ירקות,Kruv,Cabbage,vegetable_kruv.wav,3,ירקות,
1178,כרובית,כְּרוּבִית,ירקות,Kruvit,Cauliflower,vegetable_kruvit.wav,3,ירקות,
1179,תפוח אדמה,תַּפּוּחַ אֲדָמָה,ירקות,Tapuach Adama,Potato,vegetable_tapuach_adama.wav,3,ירקות,
1180,בטטה,בָּטָטָה,ירקות,Batata,Sweet Potato,vegetable_batata.wav,3,ירקות,
1181,בואו,בּוֹאוּ,פעלים - ציווי רבים,Bo'u,"Come (pl, imperative)",verb_bou.wav,3,פעלים_-_ציווי_רבים,
1182,לכו,לְכוּ,פעלים - ציווי רבים,Lechu,"Go (pl, imperative)",verb_lechu.wav,3,פעלים_-_ציווי_רבים,
1183,שבו,שְׁבוּ,פעלים - ציווי רבים,Shvu,"Sit (pl, imperative)",verb_shvu.wav,3,פעלים_-_ציווי_רבים,
1184,קומו,קוּמוּ,פעלים - ציווי רבים,Kumu,"Get up (pl, imperative)",verb_kumu.wav,3,פעלים_-_ציווי_רבים,
1185,תנו,תְּנוּ,פעלים - ציווי רבים,Tnu,"Give (pl, imperative)",verb_tnu.wav,3,פעלים_-_ציווי_רבים,
1186,קחו,קְחוּ,פעלים - ציווי רבים,Kchu,"Take (pl, imperative)",verb_kchu.wav,3,פעלים_-_ציווי_רבים,
1187,הקשיבו,הַקְשִׁיבוּ,פעלים - ציווי רבים,Hakshivu,"Listen (pl, imperative)",verb_hakshivu.wav,3,פעלים_-_ציווי_רבים,
1188,דברו,דַּבְּרוּ,פעלים - ציווי רבים,Dabru,"Speak (pl, imperative)",verb_dabru.wav,3,פעלים_-_ציווי_רבים,
1189,כתבו,כִּתְבוּ,פעלים - ציווי רבים,Kitvu,"Write (pl, imperative)",verb_kitvu.wav,3,פעלים_-_ציווי_רבים,
1190,קראו,קִרְאוּ,פעלים - ציווי רבים,Kir'u,"Read (pl, imperative)",verb_kiru.wav,3,פעלים_-_ציווי_רבים,
1191,אכלו,אִכְלוּ,פעלים - ציווי רבים,Ichlu,"Eat (pl, imperative)",verb_ichlu.wav,3,פעלים_-_ציווי_רבים,
1192,שתו,שְׁתוּ,פעלים - ציווי רבים,Shtu,"Drink (pl, imperative)",verb_shtu.wav,3,פעלים_-_ציווי_רבים,
1193,עבדו,עִבְדוּ,פעלים - ציווי רבים,Ivdu,"Work (pl, imperative)",verb_ivdu.wav,3,פעלים_-_ציווי_רבים,
1194,למדו,לִמְדוּ,פעלים - ציווי רבים,Limdu,"Learn (pl, imperative)",verb_limdu.wav,3,פעלים_-_ציווי_רבים,
1195,שחקו,שַׂחֲקוּ,פעלים - ציווי רבים,Sachaku,"Play (pl, imperative)",verb_sachaku.wav,3,פעלים_-_ציווי_רבים,
1196,איך קוראים לך,אֵיךְ קוֹרְאִים לְךָ,ביטויים,Eich Kor'im Lecha?,What's your name? (to m),phrase_eich_korim_lecha.wav,4,ביטויים,
1197,איך קוראים לך,אֵיךְ קוֹרְאִים לָךְ,ביטויים,Eich Kor'im Lach?,What's your name? (to f),phrase_eich_korim_lach.wav,4,ביטויים,
1198,שמי...,שְׁמִי...,ביטויים,Shmi...,My name is...,phrase_shmi.wav,4,ביטויים,
1199,נעים מאוד,נָעִים מְאוֹד,ביטויים,Na'im Me'od,Nice to meet you,phrase_naim_meod.wav,4,ביטויים,
1200,מאין אתה,מֵאַיִן אַתָּה,ביטויים,Me'ayin Ata?,Where are you from? (to m),phrase_meayin_ata.wav,4,ביטויים,
1201,מאין את,מֵאַיִן אַתְּ,ביטויים,Me'ayin At?,Where are you from? (to f),phrase_meayin_at.wav,4,ביטויים,
1202,אני מ...,אֲנִי מִ...,ביטויים,Ani Mi...,I am from...,phrase_ani_mi.wav,4,ביטויים,
1203,בן כמה אתה,בֶּן כַּמָּה אַתָּה,ביטויים,Ben Kama Ata?,How old are you? (to m),phrase_ben_kama_ata.wav,4,ביטויים,
1204,בת כמה את,בַּת כַּמָּה אַתְּ,ביטויים,Bat Kama At?,How old are you? (to f),phrase_bat_kama_at.wav,4,ביטויים,
1205,אני בן/בת...,אֲנִי בֶּן/בַּת...,ביטויים,Ani Ben/Bat...,I am ... years old,phrase_ani_ben_bat.wav,4,ביטויים,
1206,מה השעה,מָה הַשָּׁעָה,ביטויים,Ma HaSha'a?,What time is it?,phrase_ma_hashaa.wav,4,ביטויים,
1207,איפה השרותים,אֵיפֹה הַשֵּׁרוּתִים,ביטויים,Eifo HaSherutim?,Where is the restroom?,phrase_eifo_hasherutim.wav,4,ביטויים,
1208,אני מצטער,אֲנִי מִצְטַעֵר,ביטויים,Ani Mitsta'er,I'm sorry (m),phrase_ani_mitstaer.wav,4,ביטויים,
1209,אני מצטערת,אֲנִי מִצְטַעֶרֶת,ביטויים,Ani Mitsta'eret,I'm sorry (f),phrase_ani_mitstaeret.wav,4,ביטויים,
1210,אתה מדבר אנגלית,אַתָּה מְדַבֵּר אַנְגְּלִית,ביטויים,Ata Medaber Anglit?,Do you speak English? (to m),phrase_ata_medaber_anglit.wav,4,ביטויים,
1211,את מדברת אנגלית,אַתְּ מְדַבֶּרֶת אַנְגְּלִית,ביטויים,At Medaberet Anglit?,Do you speak English? (to f),phrase_at_medaberet_anglit.wav,4,ביטויים,
1212,אני לא מדבר עברית,אֲנִי לֹא מְדַבֵּר עִבְרִית,ביטויים,Ani Lo Medaber Ivrit,I don't speak Hebrew (m),phrase_ani_lo_medaber_ivrit.wav,4,ביטויים,
1213,אני לא מדברת עברית,אֲנִי לֹא מְדַבֶּרֶת עִבְרִית,ביטויים,Ani Lo Medaberet Ivrit,I don't speak Hebrew (f),phrase_ani_lo_medaberet_ivrit.wav,4,ביטויים,
1214,חדר כשר,חֶדֶר כֹּשֶׁר,צירופי מילים,Cheder Kosher,Gym,combo_cheder_kosher.wav,4,צירופי_מילים,
1215,ברכת שחיה,בְּרֵכַת שְׂחִיָּה,צירופי מילים,Brechat Schiya,Swimming pool,combo_brechat_schiya.wav,4,צירופי_מילים,
1216,קפת גמל,קֻפַּת גֶּמֶל,צירופי מילים,Kupat Gemel,Provident fund,combo_kupat_gemel.wav,4,צירופי_מילים,
1217,דאר אלקטרוני,דֹּאַר אֵלֶקְטְרוֹנִי,צירופי מילים,Do'ar Elektroni,Email,combo_doar_elektroni.wav,4,צירופי_מילים,
1218,דף הבית,דַּף הַבַּיִת,צירופי מילים,Daf Habayit,Homepage,combo_daf_habayit.wav,4,צירופי_מילים,
1219,ספר טלפונים,סֵפֶר טֵלֵפוֹנִים,צירופי מילים,Sefer Telefonim,Phone book,combo_sefer_telefonim.wav,4,צירופי_מילים,
1220,כרטיס אדי,כַּרְטִיס אָדִי,צירופי מילים,Kartis Adi,Public transport card,combo_kartis_adi.wav,4,צירופי_מילים,
1221,חדר ישיבות,חֲדַר יְשִׁיבוֹת,צירופי מילים,Chadar Yeshivot,Meeting room,combo_chadar_yeshivot.wav,4,צירופי_מילים,
1222,תחזית מזג אויר,תַּחֲזִית מֶזֶג אֲוִיר,צירופי מילים,Tachazit Mezeg Avir,Weather forecast,combo_tachazit_mezeg_avir.wav,4,צירופי_מילים,
1223,צמת,צֹמֶת,צירופי מילים,Tzomet,Intersection/Junction,combo_tzomet.wav,4,צירופי_מילים,
1224,כביש מהיר,כְּבִישׁ מָהִיר,צירופי מילים,Kvish Mahir,Highway,combo_kvish_mahir.wav,4,צירופי_מילים,
1225,רמזור,רַמְזוֹר,צירופי מילים,Ramzor,Traffic light,combo_ramzor.wav,4,צירופי_מילים,
1226,מעבר חציה,מַעֲבַר חֲצִיָּה,צירופי מילים,Ma'avar Chatziya,Crosswalk,combo_maavar_chatziya.wav,4,צירופי_מילים,
1227,מדרכה,מִדְרָכָה,צירופי מילים,Midracha,Sidewalk,combo_midracha.wav,4,צירופי_מילים,
1228,התחיל,הִתְחִיל,פעלים - עבר,Hitchil,Started (m),verb_hitchil.wav,4,פעלים_-_עבר,
1229,התחילה,הִתְחִילָה,פעלים - עבר,Hitchila,Started (f),verb_hitchila.wav,4,פעלים_-_עבר,
1230,התחילו,הִתְחִילוּ,פעלים - עבר,Hitchilu,Started (pl),verb_hitchilu.wav,4,פעלים_-_עבר,
1231,גמר,גָּמַר,פעלים - עבר,Gamar,Finished (m),verb_gamar.wav,4,פעלים_-_עבר,
1232,גמרה,גָּמְרָה,פעלים - עבר,Gamra,Finished (f),verb_gamra.wav,4,פעלים_-_עבר,
1233,גמרו,גָּמְרוּ,פעלים - עבר,Gamru,Finished (pl),verb_gamru.wav,4,פעלים_-_עבר,
1234,קבל,קִבֵּל,פעלים - עבר,Kibel,Received (m),verb_kibel.wav,4,פעלים_-_עבר,
1235,קבלה,קִבְּלָה,פעלים - עבר,Kibla,Received (f),verb_kibla.wav,4,פעלים_-_עבר,
1236,קבלו,קִבְּלוּ,פעלים - עבר,Kiblu,Received (pl),verb_kiblu.wav,4,פעלים_-_עבר,
1237,שלח,שָׁלַח,פעלים - עבר,Shalach,Sent (m),verb_shalach.wav,4,פעלים_-_עבר,
1238,שלחה,שָׁלְחָה,פעלים - עבר,Shalcha,Sent (f),verb_shalcha.wav,4,פעלים_-_עבר,
1239,שלחו,שָׁלְחוּ,פעלים - עבר,Shalchu,Sent (pl),verb_shalchu.wav,4,פעלים_-_עבר,
1240,חכה,חִכָּה,פעלים - עבר,Chika,Waited (m),verb_chika.wav,4,פעלים_-_עבר,
1241,חכתה,חִכְּתָה,פעלים - עבר,Chikta,Waited (f),verb_chikta.wav,4,פעלים_-_עבר,
1242,חכו,חִכּוּ,פעלים - עבר,Chiku,Waited (pl),verb_chiku.wav,4,פעלים_-_עבר,
1243,חפש,חִפֵּשׂ,פעלים - עבר,Chipes,Searched (m),verb_chipes.wav,4,פעלים_-_עבר,
1244,חפשה,חִפְּשָׂה,פעלים - עבר,Chipsa,Searched (f),verb_chipsa.wav,4,פעלים_-_עבר,
1245,חפשו,חִפְּשׂוּ,פעלים - עבר,Chipsu,Searched (pl),verb_chipsu.wav,4,פעלים_-_עבר,
1246,מצא,מָצָא,פעלים - עבר,Matza,Found (m),verb_matza.wav,4,פעלים_-_עבר,
1247,מצאה,מָצְאָה,פעלים - עבר,Matz'a,Found (f),verb_matzaa.wav,4,פעלים_-_עבר,
1248,מצאו,מָצְאוּ,פעלים - עבר,Matz'u,Found (pl),verb_matzu.wav,4,פעלים_-_עבר,
1249,הצליח,הִצְלִיחַ,פעלים - עבר,Hitzli'ach,Succeeded (m),verb_hitzliach.wav,4,פעלים_-_עבר,
1250,הצליחה,הִצְלִיחָה,פעלים - עבר,Hitzlicha,Succeeded (f),verb_hitzlicha.wav,4,פעלים_-_עבר,
1251,הצליחו,הִצְלִיחוּ,פעלים - עבר,Hitzlichu,Succeeded (pl),verb_hitzlichu.wav,4,פעלים_-_עבר,
1252,נכשל,נִכְשַׁל,פעלים - עבר,Nichshal,Failed (m),verb_nichshal.wav,4,פעלים_-_עבר,
1253,נכשלה,נִכְשְׁלָה,פעלים - עבר,Nichshela,Failed (f),verb_nichshela.wav,4,פעלים_-_עבר,
1254,נכשלו,נִכְשְׁלוּ,פעלים - עבר,Nichshelu,Failed (pl),verb_nichshelu.wav,4,פעלים_-_עבר,
1255,בדק,בָּדַק,פעלים - עבר,Badak,Checked (m),verb_badak.wav,4,פעלים_-_עבר,
1256,בדקה,בָּדְקָה,פעלים - עבר,Badka,Checked (f),verb_badka.wav,4,פעלים_-_עבר,
1257,בדקו,בָּדְקוּ,פעלים - עבר,Badku,Checked (pl),verb_badku.wav,4,פעלים_-_עבר,
1258,נגע,נָגַע,פעלים - עבר,Naga,Touched (m),verb_naga.wav,4,פעלים_-_עבר,
1259,נגעה,נָגְעָה,פעלים - עבר,Nag'a,Touched (f),verb_nagaa.wav,4,פעלים_-_עבר,
1260,נגעו,נָגְעוּ,פעלים - עבר,Nag'u,Touched (pl),verb_nagu.wav,4,פעלים_-_עבר,
1261,יעזרו,יַעַזְרוּ,פעלים - עתיד,Ya'azru,Will help (pl),verb_yaazru.wav,4,פעלים_-_עתיד,
1262,יבחרו,יִבְחֲרוּ,פעלים - עתיד,Yivcharu,Will choose (pl),verb_yivcharu.wav,4,פעלים_-_עתיד,
1263,ישלמו,יְשַׁלְּמוּ,פעלים - עתיד,Yeshalmu,Will pay (pl),verb_yeshalmu.wav,4,פעלים_-_עתיד,
1264,יסעו,יִסְּעוּ,פעלים - עתיד,Yis'u,Will travel/drive (pl),verb_yisu.wav,4,פעלים_-_עתיד,
1265,יטוסו,יָטוּסוּ,פעלים - עתיד,Yatusu,Will fly (pl),verb_yatusu.wav,4,פעלים_-_עתיד,
1266,חשובה,חָשׁוּבָה,שמות תואר,Chashuva,Important (f),adj_chashuva.wav,2,שמות_תואר,
1267,חשובים,חֲשׁוּבִים,שמות תואר,Chashuvim,"Important (m, pl)",adj_chashuvim.wav,2,שמות_תואר,
1268,חשובות,חֲשׁוּבוֹת,שמות תואר,Chashuvot,"Important (f, pl)",adj_chashuvot.wav,2,שמות_תואר,
1269,מענינת,מְעַנְיֶנֶת,שמות תואר,Me'anyenet,Interesting (f),adj_meanyenet.wav,2,שמות_תואר,
1270,מענינים,מְעַנְיְנִים,שמות תואר,Me'anyenim,"Interesting (m, pl)",adj_meanyenim.wav,2,שמות_תואר,
1271,מענינות,מְעַנְיְנוֹת,שמות תואר,Me'anyenot,"Interesting (f, pl)",adj_meanyenot.wav,2,שמות_תואר,
1272,משעמם,מְשַׁעֲמֵם,שמות תואר,Mesha'amem,Boring (m),adj_meshaamem.wav,2,שמות_תואר,
1273,משעממת,מְשַׁעֲמֶמֶת,שמות תואר,Mesha'amemet,Boring (f),adj_meshaamemet.wav,2,שמות_תואר,
1274,משעממים,מְשַׁעֲמְמִים,שמות תואר,Mesha'amemim,"Boring (m, pl)",adj_meshaamemim.wav,2,שמות_תואר,
1275,משעממות,מְשַׁעֲמְמוֹת,שמות תואר,Mesha'amemot,"Boring (f, pl)",adj_meshaamemot.wav,2,שמות_תואר,
1276,אחר,אַחֵר,שמות תואר,Acher,Other/Different (m),adj_acher.wav,2,שמות_תואר,
1277,אחרת,אַחֶרֶת,שמות תואר,Acheret,Other/Different (f),adj_acheret.wav,2,שמות_תואר,
1278,אחרים,אֲחֵרִים,שמות תואר,Acherim,"Other/Different (m, pl)",adj_acherim.wav,2,שמות_תואר,
1279,אחרות,אֲחֵרוֹת,שמות תואר,Acherot,"Other/Different (f, pl)",adj_acherot.wav,2,שמות_תואר,
1280,דומה,דּוֹמֶה,שמות תואר,Domeh,Similar (m),adj_domeh.wav,2,שמות_תואר,
1281,דומה,דּוֹמָה,שמות תואר,Doma,Similar (f),adj_doma.wav,2,שמות_תואר,
1282,דומים,דּוֹמִים,שמות תואר,Domim,"Similar (m, pl)",adj_domim.wav,2,שמות_תואר,
1283,דומות,דּוֹמוֹת,שמות תואר,Domot,"Similar (f, pl)",adj_domot.wav,2,שמות_תואר,
1284,נכון,נָכוֹן,שמות תואר,Nachon,Correct (m),adj_nachon.wav,2,שמות_תואר,
1285,נכונה,נְכוֹנָה,שמות תואר,Nechona,Correct (f),adj_nechona.wav,2,שמות_תואר,
1286,נכונים,נְכוֹנִים,שמות תואר,Nechonim,"Correct (m, pl)",adj_nechonim.wav,2,שמות_תואר,
1287,נכונות,נְכוֹנוֹת,שמות תואר,Nechonot,"Correct (f, pl)",adj_nechonot.wav,2,שמות_תואר,
1288,שגוי,שָׁגוּי,שמות תואר,Shagui,Wrong (m),adj_shagui.wav,2,שמות_תואר,
1289,שגויה,שְׁגוּיָה,שמות תואר,Shguya,Wrong (f),adj_shguya.wav,2,שמות_תואר,
1290,שגויים,שְׁגוּיִים,שמות תואר,Shguyim,"Wrong (m, pl)",adj_shguyim.wav,2,שמות_תואר,
1291,שגויות,שְׁגוּיוֹת,שמות תואר,Shguyot,"Wrong (f, pl)",adj_shguyot.wav,2,שמות_תואר,
1292,בטוח,בָּטוּחַ,שמות תואר,Batu'ach,Sure/Safe (m),adj_batuach.wav,2,שמות_תואר,
1293,בטוחה,בְּטוּחָה,שמות תואר,Betucha,Sure/Safe (f),adj_betucha.wav,2,שמות_תואר,
1294,בטוחים,בְּטוּחִים,שמות תואר,Betuchim,"Sure/Safe (m, pl)",adj_betuchim.wav,2,שמות_תואר,
1295,בטוחות,בְּטוּחוֹת,שמות תואר,Betuchot,"Sure/Safe (f, pl)",adj_betuchot.wav,2,שמות_תואר,
1296,מוכן,מוּכָן,שמות תואר,Muchan,Ready (m),adj_muchan.wav,2,שמות_תואר,
1297,מוכנה,מוּכָנָה,שמות תואר,Muchana,Ready (f),adj_muchana.wav,2,שמות_תואר,
1298,מוכנים,מוּכָנִים,שמות תואר,Muchanim,"Ready (m, pl)",adj_muchanim.wav,2,שמות_תואר,
1299,מוכנות,מוּכָנוֹת,שמות תואר,Muchanot,"Ready (f, pl)",adj_muchanot.wav,2,שמות_תואר,
1300,עסוק,עָסוּק,שמות תואר,Asuk,Busy (m),adj_asuk.wav,2,שמות_תואר,
1301,עסוקה,עֲסוּקָה,שמות תואר,Asuka,Busy (f),adj_asuka.wav,2,שמות_תואר,
1302,עסוקים,עֲסוּקִים,שמות תואר,Asukim,"Busy (m, pl)",adj_asukim.wav,2,שמות_תואר,
1303,עסוקות,עֲסוּקוֹת,שמות תואר,Asukot,"Busy (f, pl)",adj_asukot.wav,2,שמות_תואר,
1304,פנוי,פָּנוּי,שמות תואר,Panui,Free/Available (m),adj_panui.wav,2,שמות_תואר,
1305,פנויה,פְּנוּיָה,שמות תואר,Pnuya,Free/Available (f),adj_pnuya.wav,2,שמות_תואר,
1306,פנויים,פְּנוּיִים,שמות תואר,Pnuyim,"Free/Available (m, pl)",adj_pnuyim.wav,2,שמות_תואר,
1307,פנויות,פְּנוּיוֹת,שמות תואר,Pnuyot,"Free/Available (f, pl)",adj_pnuyot.wav,2,שמות_תואר,
1308,אפשרי,אֶפְשָׁרִי,שמות תואר,Efshari,Possible (m),adj_efshari.wav,2,שמות_תואר,
1309,אפשרית,אֶפְשָׁרִית,שמות תואר,Efsharit,Possible (f),adj_efsharit.wav,2,שמות_תואר,
1310,אפשריים,אֶפְשָׁרִיִּים,שמות תואר,Efshariyim,"Possible (m, pl)",adj_efshariyim.wav,2,שמות_תואר,
1311,אפשריות,אֶפְשָׁרִיּוֹת,שמות תואר,Efshariyot,"Possible (f, pl)",adj_efshariyot.wav,2,שמות_תואר,
1312,בלתי אפשרי,בִּלְתִּי אֶפְשָׁרִי,שמות תואר,Bilti Efshari,Impossible (m),adj_bilti_efshari.wav,2,שמות_תואר,
1313,בלתי אפשרית,בִּלְתִּי אֶפְשָׁרִית,שמות תואר,Bilti Efsharit,Impossible (f),adj_bilti_efsharit.wav,2,שמות_תואר,
1314,בלתי אפשריים,בִּלְתִּי אֶפְשָׁרִיִּים,שמות תואר,Bilti Efshariyim,"Impossible (m, pl)",adj_bilti_efshariyim.wav,2,שמות_תואר,
1315,בלתי אפשריות,בִּלְתִּי אֶפְשָׁרִיּוֹת,שמות תואר,Bilti Efshariyot,"Impossible (f, pl)",adj_bilti_efshariyot.wav,2,שמות_תואר,
1316,תפוז,תַּפּוּז,פירות,Tapuz,Orange,fruit_tapuz.wav,3,פירות,
1317,בננה,בָּנָנָה,פירות,Banana,Banana,fruit_banana.wav,3,פירות,
1318,תפוח,תַּפּוּחַ,פירות,Tapu'ach,Apple,fruit_tapuach.wav,3,פירות,
1319,אבטיח,אֲבַטִּיחַ,פירות,Avati'ach,Watermelon,fruit_avatiach.wav,3,פירות,
1320,ענבים,עֲנָבִים,פירות,Anavim,Grapes,fruit_anavim.wav,3,פירות,
1321,תות,תּוּת,פירות,Tut,Strawberry,fruit_tut.wav,3,פירות,
1322,לימון,לִימוֹן,פירות,Limon,Lemon,fruit_limon.wav,3,פירות,
1323,מלון,מֶלוֹן,פירות,Melon,Melon,fruit_melon.wav,3,פירות,
1324,אגס,אַגָּס,פירות,Agas,Pear,fruit_agas.wav,3,פירות,
1325,אפרסק,אֲפַרְסֵק,פירות,Afarsek,Peach,fruit_afarsek.wav,3,פירות,
1326,שזיף,שְׁזִיף,פירות,Shezif,Plum,fruit_shezif.wav,3,פירות,
1327,דבדבן,דֻּבְדְּבָן,פירות,Duvdevan,Cherry,fruit_duvdevan.wav,3,פירות,
1328,סלח,סְלַח,פעלים - ציווי,Slach,"Forgive (m, imperative)",verb_slach.wav,3,פעלים_-_ציווי,
1329,סלחי,סִלְחִי,פעלים - ציווי,Silchi,"Forgive (f, imperative)",verb_silchi.wav,3,פעלים_-_ציווי,
1330,סלחו,סִלְחוּ,פעלים - ציווי רבים,Silchu,"Forgive (pl, imperative)",verb_silchu.wav,3,פעלים_-_ציווי_רבים,
1331,חשב,חֲשֹׁב,פעלים - ציווי,Chashov,"Think (m, imperative)",verb_chashov.wav,3,פעלים_-_ציווי,
1332,חשבי,חִשְׁבִי,פעלים - ציווי,Chishvi,"Think (f, imperative)",verb_chishvi.wav,3,פעלים_-_ציווי,
1333,חשבו,חִשְׁבוּ,פעלים - ציווי רבים,Chishvu,"Think (pl, imperative)",verb_chishvu.wav,3,פעלים_-_ציווי_רבים,
1334,עזר,עֲזֹר,פעלים - ציווי,Azor,"Help (m, imperative)",verb_azor.wav,3,פעלים_-_ציווי,
1335,עזרי,עִזְרִי,פעלים - ציווי,Izri,"Help (f, imperative)",verb_izri.wav,3,פעלים_-_ציווי,
1336,עזרו,עִזְרוּ,פעלים - ציווי רבים,Izru,"Help (pl, imperative)",verb_izru.wav,3,פעלים_-_ציווי_רבים,
1337,סגר,סְגֹר,פעלים - ציווי,Sgor,"Close (m, imperative)",verb_sgor.wav,3,פעלים_-_ציווי,
1338,סגרי,סִגְרִי,פעלים - ציווי,Sigri,"Close (f, imperative)",verb_sigri.wav,3,פעלים_-_ציווי,
1339,סגרו,סִגְרוּ,פעלים - ציווי רבים,Sigru,"Close (pl, imperative)",verb_sigru.wav,3,פעלים_-_ציווי_רבים,
1340,פתח,פְּתַח,פעלים - ציווי,Ptach,"Open (m, imperative)",verb_ptach.wav,3,פעלים_-_ציווי,
1341,פתחי,פִּתְחִי,פעלים - ציווי,Pitchi,"Open (f, imperative)",verb_pitchi.wav,3,פעלים_-_ציווי,
1342,פתחו,פִּתְחוּ,פעלים - ציווי רבים,Pitchu,"Open (pl, imperative)",verb_pitchu.wav,3,פעלים_-_ציווי_רבים,
1343,קנה,קְנֵה,פעלים - ציווי,Kneh,"Buy (m, imperative)",verb_kneh.wav,3,פעלים_-_ציווי,
1344,קני,קְנִי,פעלים - ציווי,Kni,"Buy (f, imperative)",verb_kni.wav,3,פעלים_-_ציווי,
1345,קנו,קְנוּ,פעלים - ציווי רבים,Knu,"Buy (pl, imperative)",verb_knu.wav,3,פעלים_-_ציווי_רבים,
1346,מסעדה,מִסְעָדָה,מקומות,Mis'ada,Restaurant,place_misada.wav,3,מקומות,
1347,בית קפה,בֵּית קָפֶה,מקומות,Beit Cafe,Cafe,place_beit_cafe.wav,3,מקומות,
1348,קניון,קַנְיוֹן,מקומות,Kanyon,Shopping Mall,place_kanyon.wav,3,מקומות,
1349,ספריה,סִפְרִיָּה,מקומות,Sifriya,Library,place_sifriya.wav,3,מקומות,
1350,מוזאון,מוּזֵאוֹן,מקומות,Muze'on,Museum,place_muzeon.wav,3,מקומות,
1351,בית קולנוע,בֵּית קוֹלְנוֹעַ,מקומות,Beit Kolno'a,Cinema/Movie theater,place_beit_kolnoa.wav,3,מקומות,
1352,תאטרון,תֵּאַטְרוֹן,מקומות,Te'atron,Theater,place_teatron.wav,3,מקומות,
1353,פארק,פַּארְק,מקומות,Park,Park,place_park.wav,3,מקומות,
1354,גן חיות,גַּן חַיּוֹת,מקומות,Gan Chayot,Zoo,place_gan_chayot.wav,3,מקומות,
1355,מלון,מָלוֹן,מקומות,Malon,Hotel,place_malon.wav,3,מקומות,
1356,תחנה מרכזית,תַּחֲנָה מֶרְכָּזִית,מקומות,Tachana Merkazit,Central Bus Station,place_tachana_merkazit.wav,3,מקומות,
1357,בנק,בַּנְק,מקומות,Bank,Bank,place_bank.wav,3,מקומות,
1358,דאר,דֹּאַר,מקומות,Do'ar,Post Office,place_doar.wav,3,מקומות,
1359,משרד,מִשְׂרָד,מקומות,Misrad,Office,place_misrad.wav,3,מקומות,
1360,מפעל,מִפְעָל,מקומות,Mif'al,Factory,place_mifal.wav,3,מקומות,
1361,עץ,עֵץ,חומרים,Etz,Wood,material_etz.wav,3,חומרים,
1362,מתכת,מַתֶּכֶת,חומרים,Matechet,Metal,material_matechet.wav,3,חומרים,
1363,זכוכית,זְכוּכִית,חומרים,Zchuchit,Glass,material_zchuchit.wav,3,חומרים,
1364,פלסטיק,פְּלַסְטִיק,חומרים,Plastik,Plastic,material_plastik.wav,3,חומרים,
1365,ניר,נְיָר,חומרים,Neyar,Paper,material_neyar.wav,3,חומרים,
1366,בד,בַּד,חומרים,Bad,Fabric/Cloth,material_bad.wav,3,חומרים,
1367,עור,עוֹר,חומרים,Or,Leather/Skin,material_or.wav,3,חומרים,
1368,אבן,אֶבֶן,חומרים,Even,Stone,material_even.wav,3,חומרים,
1369,זהב,זָהָב,חומרים,Zahav,Gold,material_zahav.wav,3,חומרים,
1370,כסף,כֶּסֶף,חומרים,Kesef,Silver,material_kesef.wav,3,חומרים,
1371,ברזל,בַּרְזֶל,חומרים,Barzel,Iron,material_barzel.wav,3,חומרים,
1372,מעלה,מְעֻלֶּה,שמות תואר,Me'uleh,Excellent (m),adj_meuleh.wav,2,שמות_תואר,
1373,מעלה,מְעֻלָּה,שמות תואר,Me'ulah,Excellent (f),adj_meulah.wav,2,שמות_תואר,
1374,מעלים,מְעֻלִּים,שמות תואר,Me'ulim,"Excellent (m, pl)",adj_meulim.wav,2,שמות_תואר,
1375,מעלות,מְעֻלּוֹת,שמות תואר,Me'ulot,"Excellent (f, pl)",adj_meulot.wav,2,שמות_תואר,
1376,גרוע,גָּרוּעַ,שמות תואר,Garu'a,Terrible/Bad (m),adj_garua.wav,2,שמות_תואר,
1377,גרועה,גְּרוּעָה,שמות תואר,Gru'a,Terrible/Bad (f),adj_grua.wav,2,שמות_תואר,
1378,גרועים,גְּרוּעִים,שמות תואר,Gru'im,"Terrible/Bad (m, pl)",adj_gruim.wav,2,שמות_תואר,
1379,גרועות,גְּרוּעוֹת,שמות תואר,Gru'ot,"Terrible/Bad (f, pl)",adj_gruot.wav,2,שמות_תואר,
1380,אחראי,אַחְרַאי,שמות תואר,Achra'i,Responsible (m),adj_achrai.wav,2,שמות_תואר,
1381,אחראית,אַחְרָאִית,שמות תואר,Achra'it,Responsible (f),adj_achrait.wav,2,שמות_תואר,
1382,אחראים,אַחְרָאִים,שמות תואר,Achra'im,"Responsible (m, pl)",adj_achraim.wav,2,שמות_תואר,
1383,אחראיות,אַחְרָאִיּוֹת,שמות תואר,Achra'iyot,"Responsible (f, pl)",adj_achraiyot.wav,2,שמות_תואר,
1384,חפשי,חָפְשִׁי,שמות תואר,Chofshi,Free (m),adj_chofshi.wav,2,שמות_תואר,
1385,חפשיה,חָפְשִׁיָּה,שמות תואר,Chofshiya,Free (f),adj_chofshiya.wav,2,שמות_תואר,
1386,חפשיים,חָפְשִׁיִּים,שמות תואר,Chofshiyim,"Free (m, pl)",adj_chofshiyim.wav,2,שמות_תואר,
1387,חפשיות,חָפְשִׁיּוֹת,שמות תואר,Chofshiyot,"Free (f, pl)",adj_chofshiyot.wav,2,שמות_תואר,
1388,דעת,דַּעַת,מושגים מופשטים,Da'at,Opinion/Mind,abstract_daat.wav,3,מושגים_מופשטים,
1389,זכות,זְכוּת,מושגים מופשטים,Zchut,Right/Privilege,abstract_zchut.wav,3,מושגים_מופשטים,
1390,חובה,חוֹבָה,מושגים מופשטים,Chova,Duty/Obligation,abstract_chova.wav,3,מושגים_מופשטים,
1391,שגיאה,שְׁגִיאָה,מושגים מופשטים,Shgi'a,Mistake/Error,abstract_shgia.wav,3,מושגים_מופשטים,
1392,טעות,טָעוּת,מושגים מופשטים,Ta'ut,Mistake,abstract_taut.wav,3,מושגים_מופשטים,
1393,יתרון,יִתְרוֹן,מושגים מופשטים,Yitron,Advantage,abstract_yitron.wav,3,מושגים_מופשטים,
1394,חסרון,חִסָּרוֹן,מושגים מופשטים,Chisaron,Disadvantage,abstract_chisaron.wav,3,מושגים_מופשטים,
1395,מטרה,מַטָּרָה,מושגים מופשטים,Matara,Goal/Purpose,abstract_matara.wav,3,מושגים_מופשטים,
1396,תוכנית,תּוֹכְנִית,מושגים מופשטים,Tochnit,Plan,abstract_tochnit.wav,3,מושגים_מופשטים,
1397,הפסקה,הַפְסָקָה,מושגים מופשטים,Hafsaka,Break/Pause,abstract_hafsaka.wav,3,מושגים_מופשטים,
1398,חצי שעה,חֲצִי שָׁעָה,צירופי מילים,Chatzi Sha'a,Half an hour,combo_chatzi_shaa.wav,4,צירופי_מילים,
1399,רבע שעה,רֶבַע שָׁעָה,צירופי מילים,Reva Sha'a,Quarter of an hour,combo_reva_shaa.wav,4,צירופי_מילים,
1400,עוד מעט,עוֹד מְעַט,צירופי מילים,Od Me'at,In a little while,combo_od_meat.wav,4,צירופי_מילים,
1401,אחר כך,אַחַר כָּךְ,צירופי מילים,Achar Kach,Afterwards/Later,combo_achar_kach.wav,4,צירופי_מילים,
1402,לפני כן,לִפְנֵי כֵן,צירופי מילים,Lifnei Chen,Before that,combo_lifnei_chen.wav,4,צירופי_מילים,
1403,בקרוב,בְּקָרוֹב,צירופי מילים,Bekarov,Soon,combo_bekarov.wav,4,צירופי_מילים,
1404,כל יום,כָּל יוֹם,צירופי מילים,Kol Yom,Every day,combo_kol_yom.wav,4,צירופי_מילים,
1405,כל הזמן,כָּל הַזְּמַן,צירופי מילים,Kol Hazman,All the time,combo_kol_hazman.wav,4,צירופי_מילים,
1406,פעם ב...,פַּעַם בְּ...,צירופי מילים,Pa'am Be...,Once in a...,combo_paam_be.wav,4,צירופי_מילים,
1407,יום יום,יוֹם יוֹם,צירופי מילים,Yom Yom,Daily,combo_yom_yom.wav,4,צירופי_מילים,
1408,למשל,לְמָשָׁל,צירופי מילים,Lemashal,For example,combo_lemashal.wav,4,צירופי_מילים,
1409,בערך,בְּעֵרֶךְ,צירופי מילים,Be'erech,Approximately/About,combo_beerech.wav,4,צירופי_מילים,
1410,ביחד,בְּיַחַד,צירופי מילים,Beyachad,Together,combo_beyachad.wav,4,צירופי_מילים,
1411,לבד,לְבַד,צירופי מילים,Levad,Alone,combo_levad.wav,4,צירופי_מילים,
1412,כמובן,כַּמּוּבָן,צירופי מילים,Kamuván,Of course,combo_kamuvan.wav,4,צירופי_מילים,
1413,בודאי,בְּוַדַּאי,צירופי מילים,Bevadai,Certainly/Surely,combo_bevadai.wav,4,צירופי_מילים,
1414,בדיוק,בְּדִיּוּק,צירופי מילים,Bediyuk,Exactly,combo_bediyuk.wav,4,צירופי_מילים,
1415,כמעט,כִּמְעַט,צירופי מילים,Kim'at,Almost,combo_kimat.wav,4,צירופי_מילים,
1416,מספיק,מַסְפִּיק,צירופי מילים,Maspik,Enough,combo_maspik.wav,4,צירופי_מילים,
1417,יכול להיות,יָכוֹל לִהְיוֹת,צירופי מילים,Yachol Lihyot,Maybe/Could be,combo_yachol_lihyot.wav,4,צירופי_מילים,
1418,חבל,חֲבָל,צירופי מילים,Chaval,Pity/Too bad,combo_chaval.wav,4,צירופי_מילים,
1419,חבל על הזמן,חֲבָל עַל הַזְּמַן,צירופי מילים,Chaval Al Hazman,Great! / Waste of time (context),combo_chaval_al_hazman.wav,4,צירופי_מילים,
1420,אין לי מושג,אֵין לִי מוּשָׂג,צירופי מילים,Ein Li Musag,I have no idea,combo_ein_li_musag.wav,4,צירופי_מילים,
1421,מה הקשר,מָה הַקֶּשֶׁר,צירופי מילים,Ma Hakesher?,What's the connection?/That's irrelevant,combo_ma_hakesher.wav,4,צירופי_מילים,
1422,איזה יופי,אֵיזֶה יוֹפִי,צירופי מילים,Eizeh Yofi,How nice!,combo_eizeh_yofi.wav,4,צירופי_מילים,
1423,סבבה,סַבָּבָּה,צירופי מילים,Sababa,Cool/Great,combo_sababa.wav,4,צירופי_מילים,
1424,בלגן שלם,בָּלָגָן שָׁלֵם,צירופי מילים,Balagan Shalem,Complete mess,combo_balagan_shalem.wav,4,צירופי_מילים,
1425,ראש גדול,רֹאשׁ גָּדוֹל,צירופי מילים,Rosh Gadol,Taking initiative (idiom),combo_rosh_gadol.wav,4,צירופי_מילים,
1426,ראש קטן,רֹאשׁ קָטָן,צירופי מילים,Rosh Katan,Not taking initiative (idiom),combo_rosh_katan.wav,4,צירופי_מילים,
1427,עצמי,עַצְמִי,צורות גוף,Atzmi,Myself,pronoun_atzmi.wav,3,צורות_גוף,
1428,עצמך,עַצְמְךָ,צורות גוף,Atzmecha,Yourself (m),pronoun_atzmecha.wav,3,צורות_גוף,
1429,עצמך,עַצְמֵךְ,צורות גוף,Atzmech,Yourself (f),pronoun_atzmech.wav,3,צורות_גוף,
1430,עצמו,עַצְמוֹ,צורות גוף,Atzmo,Himself,pronoun_atzmo.wav,3,צורות_גוף,
1431,עצמה,עַצְמָהּ,צורות גוף,Atzmah,Herself,pronoun_atzmah.wav,3,צורות_גוף,
1432,עצמנו,עַצְמֵנוּ,צורות גוף,Atzmenu,Ourselves,pronoun_atzmenu.wav,3,צורות_גוף,
1433,עצמכם,עַצְמְכֶם,צורות גוף,Atzmechem,Yourselves (m), pl,3,צורות_גוף,
1434,עצמכן,עַצְמְכֶן,צורות גוף,Atzmachen,Yourselves (f), pl,3,צורות_גוף,
1435,עצמם,עַצְמָם,צורות גוף,Atzmam,Themselves (m), pl,3,צורות_גוף,
1436,עצמן,עַצְמָן,צורות גוף,Atzman,Themselves (f), pl,3,צורות_גוף,
1437,הסתכל,הִסְתַּכֵּל,פעלים - ציווי,Histakel,"Look (m, imperative)",verb_histakel.wav,3,פעלים_-_ציווי,
1438,הסתכלי,הִסְתַּכְּלִי,פעלים - ציווי,Histakli,"Look (f, imperative)",verb_histakli.wav,3,פעלים_-_ציווי,
1439,הסתכלו,הִסְתַּכְּלוּ,פעלים - ציווי רבים,Histaklu,"Look (pl, imperative)",verb_histaklu.wav,3,פעלים_-_ציווי_רבים,
1440,הקשב,הַקְשֵׁב,פעלים - ציווי,Hakshev,"Listen (m, imperative)",verb_hakshev.wav,3,פעלים_-_ציווי,
1441,הקשיבי,הַקְשִׁיבִי,פעלים - ציווי,Hakshivi,"Listen (f, imperative)",verb_hakshivi.wav,3,פעלים_-_ציווי,
1442,הקשיבו,הַקְשִׁיבוּ,פעלים - ציווי רבים,Hakshivu,"Listen (pl, imperative)",verb_hakshivu.wav,3,פעלים_-_ציווי_רבים,
1443,חכה,חַכֵּה,פעלים - ציווי,Chakeh,"Wait (m, imperative)",verb_chakeh.wav,3,פעלים_-_ציווי,
1444,חכי,חַכִּי,פעלים - ציווי,Chaki,"Wait (f, imperative)",verb_chaki.wav,3,פעלים_-_ציווי,
1445,חכו,חַכּוּ,פעלים - ציווי רבים,Chaku,"Wait (pl, imperative)",verb_chaku.wav,3,פעלים_-_ציווי_רבים,
1446,נסה,נַסֵּה,פעלים - ציווי,Naseh,"Try (m, imperative)",verb_naseh.wav,3,פעלים_-_ציווי,
1447,נסי,נַסִּי,פעלים - ציווי,Nasi,"Try (f, imperative)",verb_nasi.wav,3,פעלים_-_ציווי,
1448,נסו,נַסּוּ,פעלים - ציווי רבים,Nasu,"Try (pl, imperative)",verb_nasu.wav,3,פעלים_-_ציווי_רבים,
1449,שלם,שַׁלֵּם,פעלים - ציווי,Shalem,"Pay (m, imperative)",verb_shalem.wav,3,פעלים_-_ציווי,
1450,שלמי,שַׁלְּמִי,פעלים - ציווי,Shalmi,"Pay (f, imperative)",verb_shalmi.wav,3,פעלים_-_ציווי,
1451,שלמו,שַׁלְּמוּ,פעלים - ציווי רבים,Shalmu,"Pay (pl, imperative)",verb_shalmu.wav,3,פעלים_-_ציווי_רבים,
1452,ספר,סַפֵּר,פעלים - ציווי,Saper,"Tell (m, imperative)",verb_saper.wav,3,פעלים_-_ציווי,
1453,ספרי,סַפְּרִי,פעלים - ציווי,Sapri,"Tell (f, imperative)",verb_sapri.wav,3,פעלים_-_ציווי,
1454,ספרו,סַפְּרוּ,פעלים - ציווי רבים,Sapru,"Tell (pl, imperative)",verb_sapru.wav,3,פעלים_-_ציווי_רבים,
1455,הרגיש,הִרְגִּישׁ,פעלים - עבר,Hirgish,Felt (m),verb_hirgish.wav,4,פעלים_-_עבר,
1456,הרגישה,הִרְגִּישָׁה,פעלים - עבר,Hirgisha,Felt (f),verb_hirgisha.wav,4,פעלים_-_עבר,
1457,הרגישו,הִרְגִּישׁוּ,פעלים - עבר,Hirgishu,Felt (pl),verb_hirgishu.wav,4,פעלים_-_עבר,
1458,הסתכל,הִסְתַּכֵּל,פעלים - עבר,Histakel,Looked (m),verb_histakel.wav,4,פעלים_-_עבר,
1459,הסתכלה,הִסְתַּכְּלָה,פעלים - עבר,Histakla,Looked (f),verb_histakla.wav,4,פעלים_-_עבר,
1460,הסתכלו,הִסְתַּכְּלוּ,פעלים - עבר,Histaklu,Looked (pl),verb_histaklu.wav,4,פעלים_-_עבר,
1461,הקשיב,הִקְשִׁיב,פעלים - עבר,Hikshiv,Listened (m),verb_hikshiv.wav,4,פעלים_-_עבר,
1462,הקשיבה,הִקְשִׁיבָה,פעלים - עבר,Hikshiva,Listened (f),verb_hikshiva.wav,4,פעלים_-_עבר,
1463,הקשיבו,הִקְשִׁיבוּ,פעלים - עבר,Hikshivu,Listened (pl),verb_hikshivu.wav,4,פעלים_-_עבר,
1464,זכר,זָכַר,פעלים - עבר,Zachar,Remembered (m),verb_zachar.wav,4,פעלים_-_עבר,
1465,זכרה,זָכְרָה,פעלים - עבר,Zachra,Remembered (f),verb_zachra.wav,4,פעלים_-_עבר,
1466,זכרו,זָכְרוּ,פעלים - עבר,Zachru,Remembered (pl),verb_zachru.wav,4,פעלים_-_עבר,
1467,שכח,שָׁכַח,פעלים - עבר,Shachach,Forgot (m),verb_shachach.wav,4,פעלים_-_עבר,
1468,שכחה,שָׁכְחָה,פעלים - עבר,Shachcha,Forgot (f),verb_shachcha.wav,4,פעלים_-_עבר,
1469,שכחו,שָׁכְחוּ,פעלים - עבר,Shachchu,Forgot (pl),verb_shachchu.wav,4,פעלים_-_עבר,
1470,ירגיש,יַרְגִּישׁ,פעלים - עתיד,Yargish,Will feel (m),verb_yargish.wav,4,פעלים_-_עתיד,
1471,תרגיש,תַּרְגִּישׁ,פעלים - עתיד,Targish,Will feel (f),verb_targish.wav,4,פעלים_-_עתיד,
1472,ירגישו,יַרְגִּישׁוּ,פעלים - עתיד,Yargishu,Will feel (pl),verb_yargishu.wav,4,פעלים_-_עתיד,
1473,יסתכל,יִסְתַּכֵּל,פעלים - עתיד,Yistakel,Will look (m),verb_yistakel.wav,4,פעלים_-_עתיד,
1474,תסתכל,תִּסְתַּכֵּל,פעלים - עתיד,Tistakel,Will look (f),verb_tistakel.wav,4,פעלים_-_עתיד,
1475,יסתכלו,יִסְתַּכְּלוּ,פעלים - עתיד,Yistaklu,Will look (pl),verb_yistaklu.wav,4,פעלים_-_עתיד,
1476,יקשיב,יַקְשִׁיב,פעלים - עתיד,Yakshiv,Will listen (m),verb_yakshiv.wav,4,פעלים_-_עתיד,
1477,תקשיב,תַּקְשִׁיב,פעלים - עתיד,Takshiv,Will listen (f),verb_takshiv.wav,4,פעלים_-_עתיד,
1478,יקשיבו,יַקְשִׁיבוּ,פעלים - עתיד,Yakshivu,Will listen (pl),verb_yakshivu.wav,4,פעלים_-_עתיד,
1479,כלים,כֵּלִים,צורות רבים,Kelim,Tools/Utensils,noun_kelim.wav,3,צורות_רבים,
1480,מפתחות,מַפְתְּחוֹת,צורות רבים,Maftechot,Keys,noun_maftechot.wav,3,צורות_רבים,
1481,בקבוקים,בַּקְבּוּקִים,צורות רבים,Bakbukim,Bottles,noun_bakbukim.wav,3,צורות_רבים,
1482,כוסות,כּוֹסוֹת,צורות רבים,Kosot,Cups/Glasses,noun_kosot.wav,3,צורות_רבים,
1483,צלחות,צַלָּחוֹת,צורות רבים,Tzalachot,Plates,noun_tzalachot.wav,3,צורות_רבים,
1484,סכינים,סַכִּינִים,צורות רבים,Sakinim,Knives,noun_sakinim.wav,3,צורות_רבים,
1485,מזלגות,מַזְלְגוֹת,צורות רבים,Mazlegot,Forks,noun_mazlegot.wav,3,צורות_רבים,
1486,כפות,כַּפּוֹת,צורות רבים,Kapot,Spoons,noun_kapot.wav,3,צורות_רבים,
1487,חולצות,חוּלְצוֹת,צורות רבים,Chultzot,Shirts,noun_chultzot.wav,3,צורות_רבים,
1488,מכנסים,מִכְנָסַיִם,צורות רבים,Michnasayim,Pants,noun_michnasayim.wav,3,צורות_רבים,
1489,שמלות,שְׂמָלוֹת,צורות רבים,Smalot,Dresses,noun_smalot.wav,3,צורות_רבים,
1490,נעלים,נַעֲלַיִם,צורות רבים,Na'alayim,Shoes,noun_naalayim.wav,3,צורות_רבים,
1491,כובעים,כּוֹבָעִים,צורות רבים,Kova'im,Hats,noun_kovaim.wav,3,צורות_רבים,
1492,מעילים,מְעִילִים,צורות רבים,Me'ilim,Coats/Jackets,noun_meilim.wav,3,צורות_רבים,
1493,גרבים,גַּרְבַּיִם,צורות רבים,Garbayim,Socks,noun_garbayim.wav,3,צורות_רבים,
1494,מורים,מוֹרִים,צורות רבים,Morim,Teachers (m, pl),3,צורות_רבים,
1495,מורות,מוֹרוֹת,צורות רבים,Morot,Teachers (f, pl),3,צורות_רבים,
1496,רופאים,רוֹפְאִים,צורות רבים,Rof'im,Doctors (m, pl),3,צורות_רבים,
1497,רופאות,רוֹפְאוֹת,צורות רבים,Rof'ot,Doctors (f, pl),3,צורות_רבים,
1498,שוטרים,שׁוֹטְרִים,צורות רבים,Shotrim,Policemen,noun_shotrim.wav,3,צורות_רבים,
1499,שוטרות,שׁוֹטְרוֹת,צורות רבים,Shotrot,Policewomen,noun_shotrot.wav,3,צורות_רבים,
1500,מהנדסים,מְהַנְדְּסִים,צורות רבים,Mehandesim,Engineers (m, pl),3,צורות_רבים,
1501,מהנדסות,מְהַנְדְּסוֹת,צורות רבים,Mehandesot,Engineers (f, pl),3,צורות_רבים,
1502,טבחים,טַבָּחִים,צורות רבים,Tabachim,Cooks/Chefs (m, pl),3,צורות_רבים,
1503,טבחיות,טַבָּחִיּוֹת,צורות רבים,Tabachiyot,Cooks/Chefs (f, pl),3,צורות_רבים,
1504,נהגים,נֶהָגִים,צורות רבים,Nahagim,Drivers (m, pl),3,צורות_רבים,
1505,נהגות,נֶהָגוֹת,צורות רבים,Nahagot,Drivers (f, pl),3,צורות_רבים,
1506,חילים,חַיָּלִים,צורות רבים,Chayalim,Soldiers (m, pl),3,צורות_רבים,
1507,חילות,חַיָּלוֹת,צורות רבים,Chayalot,Soldiers (f, pl),3,צורות_רבים,
1508,בתי ספר,בָּתֵּי סֵפֶר,צורות רבים,Batei Sefer,Schools,noun_batei_sefer.wav,3,צורות_רבים,
1509,בתי חולים,בָּתֵּי חוֹלִים,צורות רבים,Batei Cholim,Hospitals,noun_batei_cholim.wav,3,צורות_רבים,
1510,חנויות,חֲנוּיוֹת,צורות רבים,Chanuyot,Stores/Shops,noun_chanuyot.wav,3,צורות_רבים,
1511,רחובות,רְחוֹבוֹת,צורות רבים,Rechovot,Streets,noun_rechovot.wav,3,צורות_רבים,
1512,ערים,עָרִים,צורות רבים,Arim,Cities,noun_arim.wav,3,צורות_רבים,
1513,ימים,יַמִּים,צורות רבים,Yamim,Seas,noun_yamim_seas.wav,3,צורות_רבים,
1514,הרים,הָרִים,צורות רבים,Harim,Mountains,noun_harim.wav,3,צורות_רבים,
1515,יערות,יְעָרוֹת,צורות רבים,Ye'arot,Forests,noun_yearot.wav,3,צורות_רבים,
1516,שדות,שָׂדוֹת,צורות רבים,Sadot,Fields,noun_sadot.wav,3,צורות_רבים,
1517,אבנים,אֲבָנִים,צורות רבים,Avanim,Stones,noun_avanim.wav,3,צורות_רבים,
1518,פרחים,פְּרָחִים,צורות רבים,Prachim,Flowers,noun_prachim.wav,3,צורות_רבים,
1519,עצים,עֵצִים,צורות רבים,Etzim,Trees,noun_etzim.wav,3,צורות_רבים,
1520,עננים,עֲנָנִים,צורות רבים,Ananim,Clouds,noun_ananim.wav,3,צורות_רבים,
1521,כוכבים,כּוֹכָבִים,צורות רבים,Kochavim,Stars,noun_kochavim.wav,3,צורות_רבים,
1522,פרות,פֵּרוֹת,צורות רבים,Perot,Fruits,noun_perot.wav,3,צורות_רבים,
1523,ירקות,יְרָקוֹת,צורות רבים,Yerakot,Vegetables,noun_yerakot.wav,3,צורות_רבים,
1524,מים,מַיִם,צורות רבים,Mayim,Water,noun_mayim.wav,3,צורות_רבים,
1525,ביצים,בֵּיצִים,צורות רבים,Beitzim,Eggs,noun_beitzim.wav,3,צורות_רבים,
1526,גבינות,גְּבִינוֹת,צורות רבים,Gvinot,Cheeses,noun_gvinot.wav,3,צורות_רבים,
1527,עוגות,עוּגוֹת,צורות רבים,Ugot,Cakes,noun_ugot.wav,3,צורות_רבים,
1528,מלא,מָלֵא,שמות תואר,Male,Full (m),adj_male.wav,2,שמות_תואר,
1529,מלאה,מְלֵאָה,שמות תואר,Mele'a,Full (f),adj_melea.wav,2,שמות_תואר,
1530,מלאים,מְלֵאִים,שמות תואר,Mele'im,"Full (m, pl)",adj_meleim.wav,2,שמות_תואר,
1531,מלאות,מְלֵאוֹת,שמות תואר,Mele'ot,"Full (f, pl)",adj_meleot.wav,2,שמות_תואר,
1532,ריק,רֵיק,שמות תואר,Rek,Empty (m),adj_rek.wav,2,שמות_תואר,
1533,ריקה,רֵיקָה,שמות תואר,Reka,Empty (f),adj_reka.wav,2,שמות_תואר,
1534,ריקים,רֵיקִים,שמות תואר,Rekim,"Empty (m, pl)",adj_rekim.wav,2,שמות_תואר,
1535,ריקות,רֵיקוֹת,שמות תואר,Rekot,"Empty (f, pl)",adj_rekot.wav,2,שמות_תואר,
1536,ארך,אָרֹךְ,שמות תואר,Aroch,Long (m),adj_aroch.wav,2,שמות_תואר,
1537,ארכה,אֲרֻכָּה,שמות תואר,Aruka,Long (f),adj_aruka.wav,2,שמות_תואר,
1538,ארכים,אֲרֻכִּים,שמות תואר,Arukim,"Long (m, pl)",adj_arukim.wav,2,שמות_תואר,
1539,ארכות,אֲרֻכּוֹת,שמות תואר,Arukot,"Long (f, pl)",adj_arukot.wav,2,שמות_תואר,
1540,קצר,קָצָר,שמות תואר,Katzar,Short (m),adj_katzar.wav,2,שמות_תואר,
1541,קצרה,קְצָרָה,שמות תואר,Ktzara,Short (f),adj_ktzara.wav,2,שמות_תואר,
1542,קצרים,קְצָרִים,שמות תואר,Ktzarim,"Short (m, pl)",adj_ktzarim.wav,2,שמות_תואר,
1543,קצרות,קְצָרוֹת,שמות תואר,Ktzarot,"Short (f, pl)",adj_ktzarot.wav,2,שמות_תואר,
1544,יקר,יָקָר,שמות תואר,Yakar,Expensive (m),adj_yakar.wav,2,שמות_תואר,
1545,יקרה,יְקָרָה,שמות תואר,Yekara,Expensive (f),adj_yekara.wav,2,שמות_תואר,
1546,יקרים,יְקָרִים,שמות תואר,Yekarim,"Expensive (m, pl)",adj_yekarim.wav,2,שמות_תואר,
1547,יקרות,יְקָרוֹת,שמות תואר,Yekarot,"Expensive (f, pl)",adj_yekarot.wav,2,שמות_תואר,
1548,זול,זוֹל,שמות תואר,Zol,Cheap (m),adj_zol.wav,2,שמות_תואר,
1549,זולה,זוֹלָה,שמות תואר,Zola,Cheap (f),adj_zola.wav,2,שמות_תואר,
1550,זולים,זוֹלִים,שמות תואר,Zolim,"Cheap (m, pl)",adj_zolim.wav,2,שמות_תואר,
1551,זולות,זוֹלוֹת,שמות תואר,Zolot,"Cheap (f, pl)",adj_zolot.wav,2,שמות_תואר,
1552,תחת,תַּחַת,מילות יחס,Tachat,Under,prep_tachat.wav,4,מילות_יחס,
1553,מעל,מֵעַל,מילות יחס,Me'al,Above/Over,prep_meal.wav,4,מילות_יחס,
1554,בתוך,בְּתוֹךְ,מילות יחס,Betoch,Inside,prep_betoch.wav,4,מילות_יחס,
1555,מחוץ ל...,מִחוּץ לְ...,מילות יחס,Michutz Le...,Outside of...,prep_michutz_le.wav,4,מילות_יחס,
1556,ליד,לְיַד,מילות יחס,Leyad,Next to/Near,prep_leyad.wav,4,מילות_יחס,
1557,רחוק מ...,רָחוֹק מִ...,מילות יחס,Rachok Mi...,Far from...,prep_rachok_mi.wav,4,מילות_יחס,
1558,מול,מוּל,מילות יחס,Mul,Opposite/Facing,prep_mul.wav,4,מילות_יחס,
1559,בין,בֵּין,מילות יחס,Bein,Between/Among,prep_bein.wav,4,מילות_יחס,
1560,בשביל,בִּשְׁבִיל,מילות יחס,Bishvil,For (the sake of),prep_bishvil.wav,4,מילות_יחס,
1561,בגלל,בִּגְלַל,מילות יחס,Biglal,Because of,prep_biglal.wav,4,מילות_יחס,
1562,לגבי,לְגַבֵּי,מילות יחס,Legabei,Regarding/About,prep_legabei.wav,4,מילות_יחס,
1563,כנגד,כְּנֶגֶד,מילות יחס,Keneged,Against,prep_keneged.wav,4,מילות_יחס,
1564,בעבור,בַּעֲבוּר,מילות יחס,Ba'avur,For,prep_baavur.wav,4,מילות_יחס,
1565,עד,עַד,מילות יחס,Ad,Until/To,prep_ad.wav,4,מילות_יחס,
1566,מ...,מֵ...,מילות יחס,Me...,From...,prep_me.wav,4,מילות_יחס,
1567,שלי,שֶׁלִּי,צורות גוף,Sheli,My/Mine,pronoun_sheli.wav,3,צורות_גוף,
1568,שלך,שֶׁלְּךָ,צורות גוף,Shelcha,Your/Yours (m),pronoun_shelcha.wav,3,צורות_גוף,
1569,שלך,שֶׁלָּךְ,צורות גוף,Shelach,Your/Yours (f),pronoun_shelach.wav,3,צורות_גוף,
1570,שלו,שֶׁלּוֹ,צורות גוף,Shelo,His,pronoun_shelo.wav,3,צורות_גוף,
1571,שלה,שֶׁלָּהּ,צורות גוף,Shelah,Her/Hers,pronoun_shelah.wav,3,צורות_גוף,
1572,שלנו,שֶׁלָּנוּ,צורות גוף,Shelanu,Our/Ours,pronoun_shelanu.wav,3,צורות_גוף,
1573,שלכם,שֶׁלָּכֶם,צורות גוף,Shelachem,Your/Yours (m, pl),3,צורות_גוף,
1574,שלכן,שֶׁלָּכֶן,צורות גוף,Shelachen,Your/Yours (f, pl),3,צורות_גוף,
1575,שלהם,שֶׁלָּהֶם,צורות גוף,Shelahem,Their/Theirs (m, pl),3,צורות_גוף,
1576,שלהן,שֶׁלָּהֶן,צורות גוף,Shelahen,Their/Theirs (f, pl),3,צורות_גוף,
1577,שם פרטי,שֵׁם פְּרָטִי,צירופי מילים,Shem Prati,First Name,combo_shem_prati.wav,4,צירופי_מילים,
1578,שם משפחה,שֵׁם מִשְׁפָּחָה,צירופי מילים,Shem Mishpacha,Last Name,combo_shem_mishpacha.wav,4,צירופי_מילים,
1579,מספר טלפון,מִסְפַּר טֶלֶפוֹן,צירופי מילים,Mispar Telefon,Phone Number,combo_mispar_telefon.wav,4,צירופי_מילים,
1580,כתבת,כְּתֹבֶת,צירופי מילים,Ktovet,Address,combo_ktovet.wav,4,צירופי_מילים,
1581,דאר אלקטרוני,דֹּאַר אֵלֶקְטְרוֹנִי,צירופי מילים,Do'ar Elektroni,Email Address,combo_doar_elektroni.wav,4,צירופי_מילים,
1582,תאריך לדה,תַּאֲרִיךְ לֵדָה,צירופי מילים,Ta'arich Leida,Date of Birth,combo_taarich_leida.wav,4,צירופי_מילים,
1583,ארנק,אַרְנָק,צירופי מילים,Arnak,Wallet,combo_arnak.wav,4,צירופי_מילים,
1584,כספומט,כַּסְפּוֹמָט,צירופי מילים,Kaspomat,ATM,combo_kaspomat.wav,4,צירופי_מילים,
1585,חשבון בנק,חֶשְׁבּוֹן בַּנְק,צירופי מילים,Cheshbon Bank,Bank Account,combo_cheshbon_bank.wav,4,צירופי_מילים,
1586,כרטיס מועדון,כַּרְטִיס מוֹעֲדוֹן,צירופי מילים,Kartis Mo'adon,Membership Card,combo_kartis_moadon.wav,4,צירופי_מילים,
1587,יחשבו,יַחְשְׁבוּ,פעלים - רבים עתיד,Yachshevu,Will think (pl),verb_yachshevu.wav,3,פעלים_-_רבים_עתיד,
1588,ישאלו,יִשְׁאֲלוּ,פעלים - רבים עתיד,Yish'alu,Will ask (pl),verb_yishalu.wav,3,פעלים_-_רבים_עתיד,
1589,יענו,יַעֲנוּ,פעלים - רבים עתיד,Ya'anu,Will answer (pl),verb_yaanu.wav,3,פעלים_-_רבים_עתיד,
1590,יתחילו,יַתְחִילוּ,פעלים - רבים עתיד,Yatchilu,Will start (pl),verb_yatchilu.wav,3,פעלים_-_רבים_עתיד,
1591,יגמרו,יִגְמְרוּ,פעלים - רבים עתיד,Yigmeru,Will finish (pl),verb_yigmeru.wav,3,פעלים_-_רבים_עתיד,
1592,יקבלו,יְקַבְּלוּ,פעלים - רבים עתיד,Yekablu,Will receive (pl),verb_yekablu.wav,3,פעלים_-_רבים_עתיד,
1593,ישלחו,יִשְׁלְחוּ,פעלים - רבים עתיד,Yishlechu,Will send (pl),verb_yishlechu.wav,3,פעלים_-_רבים_עתיד,
1594,יחכו,יְחַכּוּ,פעלים - רבים עתיד,Yechaku,Will wait (pl),verb_yechaku.wav,3,פעלים_-_רבים_עתיד,
1595,יחפשו,יְחַפְּשׂוּ,פעלים - רבים עתיד,Yechapsu,Will search (pl),verb_yechapsu.wav,3,פעלים_-_רבים_עתיד,
1596,ימצאו,יִמְצְאוּ,פעלים - רבים עתיד,Yimtze'u,Will find (pl),verb_yimtzeu.wav,3,פעלים_-_רבים_עתיד,
1597,יצליחו,יַצְלִיחוּ,פעלים - רבים עתיד,Yatzlichu,Will succeed (pl),verb_yatzlichu.wav,3,פעלים_-_רבים_עתיד,
1598,יכשלו,יִכָּשְׁלוּ,פעלים - רבים עתיד,Yikashlu,Will fail (pl),verb_yikashlu.wav,3,פעלים_-_רבים_עתיד,
1599,יבדקו,יִבְדְּקוּ,פעלים - רבים עתיד,Yivdeku,Will check (pl),verb_yivdeku.wav,3,פעלים_-_רבים_עתיד,
1600,יגעו,יִגְּעוּ,פעלים - רבים עתיד,Yig'u,Will touch (pl),verb_yigu.wav,3,פעלים_-_רבים_עתיד,
1601,התרגשות,הִתְרַגְּשׁוּת,רגשות מורכבים,Hitragshut,Excitement,feeling_hitragshut.wav,3,רגשות_מורכבים,
1602,שעמום,שִׁעֲמוּם,רגשות מורכבים,Shi'amum,Boredom,feeling_shiamum.wav,3,רגשות_מורכבים,
1603,כעס,כַּעַס,רגשות מורכבים,Ka'as,Anger,feeling_kaas.wav,3,רגשות_מורכבים,
1604,פחד,פַּחַד,רגשות מורכבים,Pachad,Fear,feeling_pachad.wav,3,רגשות_מורכבים,
1605,דאגה,דְּאָגָה,רגשות מורכבים,De'aga,Worry,feeling_deaga.wav,3,רגשות_מורכבים,
1606,אושר,אוֹשֶׁר,רגשות מורכבים,Osher,Happiness,feeling_osher.wav,3,רגשות_מורכבים,
1607,עצב,עֶצֶב,רגשות מורכבים,Etzev,Sadness,feeling_etzev.wav,3,רגשות_מורכבים,
1608,בושה,בּוּשָׁה,רגשות מורכבים,Bushá,Shame,feeling_busha.wav,3,רגשות_מורכבים,
1609,אשמה,אַשְׁמָה,רגשות מורכבים,Ashma,Guilt,feeling_ashma.wav,3,רגשות_מורכבים,
1610,תסכול,תִּסְכּוּל,רגשות מורכבים,Tiskul,Frustration,feeling_tiskul.wav,3,רגשות_מורכבים,
1611,בלבול,בִּלְבּוּל,רגשות מורכבים,Bilbul,Confusion,feeling_bilbul.wav,3,רגשות_מורכבים,
1612,סקרנות,סַקְרָנוּת,רגשות מורכבים,Sakranut,Curiosity,feeling_sakranut.wav,3,רגשות_מורכבים,
1613,הנאה,הֲנָאָה,רגשות מורכבים,Hana'a,Enjoyment/Pleasure,feeling_hanaa.wav,3,רגשות_מורכבים,
1614,גאוה,גַּאֲוָה,רגשות מורכבים,Ga'ava,Pride,feeling_gaava.wav,3,רגשות_מורכבים,
1615,ראש השנה,רֹאשׁ הַשָּׁנָה,חגים ואירועים,Rosh Hashanah,Jewish New Year,event_rosh_hashanah.wav,3,חגים_ואירועים,
1616,יום כפור,יוֹם כִּפּוּר,חגים ואירועים,Yom Kippur,Day of Atonement,event_yom_kippur.wav,3,חגים_ואירועים,
1617,סכות,סֻכּוֹת,חגים ואירועים,Sukkot,Feast of Tabernacles,event_sukkot.wav,3,חגים_ואירועים,
1618,חנכה,חֲנֻכָּה,חגים ואירועים,Chanukah,Festival of Lights,event_chanukah.wav,3,חגים_ואירועים,
1619,פורים,פּוּרִים,חגים ואירועים,Purim,Purim,event_purim.wav,3,חגים_ואירועים,
1620,פסח,פֶּסַח,חגים ואירועים,Pesach,Passover,event_pesach.wav,3,חגים_ואירועים,
1621,יום העצמאות,יוֹם הָעַצְמָאוּת,חגים ואירועים,Yom Ha'atzmaut,Independence Day,event_yom_haatzmaut.wav,3,חגים_ואירועים,
1622,שבועות,שָׁבוּעוֹת,חגים ואירועים,Shavuot,Feast of Weeks,event_shavuot.wav,3,חגים_ואירועים,
1623,שבת,שַׁבָּת,חגים ואירועים,Shabbat,Sabbath,event_shabbat.wav,3,חגים_ואירועים,
1624,ברית מילה,בְּרִית מִילָה,חגים ואירועים,Brit Milah,Circumcision ceremony,event_brit_milah.wav,3,חגים_ואירועים,
1625,בר מצוה,בַּר מִצְוָה,חגים ואירועים,Bar Mitzvah,Bar Mitzvah,event_bar_mitzvah.wav,3,חגים_ואירועים,
1626,בת מצוה,בַּת מִצְוָה,חגים ואירועים,Bat Mitzvah,Bat Mitzvah,event_bat_mitzvah.wav,3,חגים_ואירועים,
1627,לויה,לְוָיָה,חגים ואירועים,Levaya,Funeral,event_levaya.wav,3,חגים_ואירועים,
1628,אזכרה,אָזְכָּרָה,חגים ואירועים,Azkara,Memorial service,event_azkara.wav,3,חגים_ואירועים,
1629,טבעת,טַבַּעַת,תכשיטים ואביזרים,Taba'at,Ring,accessory_tabaat.wav,3,תכשיטים_ואביזרים,
1630,צמיד,צָמִיד,תכשיטים ואביזרים,Tzamid,Bracelet,accessory_tzamid.wav,3,תכשיטים_ואביזרים,
1631,שרשרת,שַׁרְשֶׁרֶת,תכשיטים ואביזרים,Sharsheret,Necklace,accessory_sharsheret.wav,3,תכשיטים_ואביזרים,
1632,עגילים,עֲגִילִים,תכשיטים ואביזרים,Agilim,Earrings,accessory_agilim.wav,3,תכשיטים_ואביזרים,
1633,שעון,שָׁעוֹן,תכשיטים ואביזרים,Sha'on,Watch/Clock,accessory_shaon.wav,3,תכשיטים_ואביזרים,
1634,חגורה,חֲגוֹרָה,תכשיטים ואביזרים,Chagora,Belt,accessory_chagora.wav,3,תכשיטים_ואביזרים,
1635,תיק,תִּיק,תכשיטים ואביזרים,Tik,Bag,accessory_tik.wav,3,תכשיטים_ואביזרים,
1636,ארנק,אַרְנָק,תכשיטים ואביזרים,Arnak,Wallet,accessory_arnak.wav,3,תכשיטים_ואביזרים,
1637,משקפים,מִשְׁקָפַיִם,תכשיטים ואביזרים,Mishkafayim,Glasses,accessory_mishkafayim.wav,3,תכשיטים_ואביזרים,
1638,מטריה,מִטְרִיָּה,תכשיטים ואביזרים,Mitriya,Umbrella,accessory_mitriya.wav,3,תכשיטים_ואביזרים,
1639,חדר כושר,חֲדַר כּוֹשֶׁר,צירופי מילים,Cheder Kosher,Gym,combo_cheder_kosher.wav,4,צירופי_מילים,
1640,ברכת שחיה,בְּרֵכַת שְׂחִיָּה,צירופי מילים,Brechat Schiya,Swimming pool,combo_brechat_schiya.wav,4,צירופי_מילים,
1641,קפת גמל,קֻפַּת גֶּמֶל,צירופי מילים,Kupat Gemel,Provident fund,combo_kupat_gemel.wav,4,צירופי_מילים,
1642,דאר אלקטרוני,דֹּאַר אֵלֶקְטְרוֹנִי,צירופי מילים,Do'ar Elektroni,Email,combo_doar_elektroni.wav,4,צירופי_מילים,
1643,דף הבית,דַּף הַבַּיִת,צירופי מילים,Daf Habayit,Homepage,combo_daf_habayit.wav,4,צירופי_מילים,
1644,ספר טלפונים,סֵפֶר טֵלֵפוֹנִים,צירופי מילים,Sefer Telefonim,Phone book,combo_sefer_telefonim.wav,4,צירופי_מילים,
1645,כרטיס אדי,כַּרְטִיס אָדִי,צירופי מילים,Kartis Adi,Public transport card,combo_kartis_adi.wav,4,צירופי_מילים,
1646,חדר ישיבות,חֲדַר יְשִׁיבוֹת,צירופי מילים,Chadar Yeshivot,Meeting room,combo_chadar_yeshivot.wav,4,צירופי_מילים,
1647,תחזית מזג אויר,תַּחֲזִית מֶזֶג אֲוִיר,צירופי מילים,Tachazit Mezeg Avir,Weather forecast,combo_tachazit_mezeg_avir.wav,4,צירופי_מילים,
1648,צמת,צֹמֶת,צירופי מילים,Tzomet,Intersection/Junction,combo_tzomet.wav,4,צירופי_מילים,
1649,כביש מהיר,כְּבִישׁ מָהִיר,צירופי מילים,Kvish Mahir,Highway,combo_kvish_mahir.wav,4,צירופי_מילים,
1650,רמזור,רַמְזוֹר,צירופי מילים,Ramzor,Traffic light,combo_ramzor.wav,4,צירופי_מילים,
1651,מעבר חציה,מַעֲבַר חֲצִיָּה,צירופי מילים,Ma'avar Chatziya,Crosswalk,combo_maavar_chatziya.wav,4,צירופי_מילים,
1652,מדרכה,מִדְרָכָה,צירופי מילים,Midracha,Sidewalk,combo_midracha.wav,4,צירופי_מילים,
1653,גלגל ענק,גַּלְגַּל עֲנָק,צירופי מילים,Galgal Anak,Ferris Wheel,combo_galgal_anak.wav,4,צירופי_מילים,
1654,ספר,סִפֵּר,פעלים - עבר,Siper,Told (m),verb_siper.wav,4,פעלים_-_עבר,
1655,ספרה,סִפְּרָה,פעלים - עבר,Sipra,Told (f),verb_sipra.wav,4,פעלים_-_עבר,
1656,ספרו,סִפְּרוּ,פעלים - עבר,Sipru,Told (pl),verb_sipru.wav,4,פעלים_-_עבר,
1657,יספר,יְסַפֵּר,פעלים - עתיד,Yesaper,Will tell (m),verb_yesaper.wav,4,פעלים_-_עתיד,
1658,תספר,תְּסַפֵּר,פעלים - עתיד,Tesaper,Will tell (f),verb_tesaper.wav,4,פעלים_-_עתיד,
1659,יספרו,יְסַפְּרוּ,פעלים - עתיד,Yesapru,Will tell (pl),verb_yesapru.wav,4,פעלים_-_עתיד,
1660,מספר,מְסַפֵּר,פעלים - הווה,Mesaper,Tells (m),verb_mesaper.wav,3,פעלים_-_הווה,
1661,מספרת,מְסַפֶּרֶת,פעלים - הווה,Mesaperet,Tells (f),verb_mesaperet.wav,3,פעלים_-_הווה,
1662,מספרים,מְסַפְּרִים,פעלים - רבים הווה,Mesaprim,"Tell (m, pl)",verb_mesaprim.wav,3,פעלים_-_רבים_הווה,
1663,מספרות,מְסַפְּרוֹת,פעלים - רבים הווה,Mesaprot,"Tell (f, pl)",verb_mesaprot.wav,3,פעלים_-_רבים_הווה,
1664,המשיך,הִמְשִׁיךְ,פעלים - עבר,Himshich,Continued (m),verb_himshich.wav,4,פעלים_-_עבר,
1665,המשיכה,הִמְשִׁיכָה,פעלים - עבר,Himshicha,Continued (f),verb_himshicha.wav,4,פעלים_-_עבר,
1666,המשיכו,הִמְשִׁיכוּ,פעלים - עבר,Himshichu,Continued (pl),verb_himshichu.wav,4,פעלים_-_עבר,
1667,ימשיך,יַמְשִׁיךְ,פעלים - עתיד,Yamshich,Will continue (m),verb_yamshich.wav,4,פעלים_-_עתיד,
1668,תמשיך,תַּמְשִׁיךְ,פעלים - עתיד,Tamshich,Will continue (f),verb_tamshich.wav,4,פעלים_-_עתיד,
1669,ימשיכו,יַמְשִׁיכוּ,פעלים - עתיד,Yamshichu,Will continue (pl),verb_yamshichu.wav,4,פעלים_-_עתיד,
1670,ממשיך,מַמְשִׁיךְ,פעלים - הווה,Mamshich,Continues (m),verb_mamshich.wav,3,פעלים_-_הווה,
1671,ממשיכה,מַמְשִׁיכָה,פעלים - הווה,Mamshicha,Continues (f),verb_mamshicha.wav,3,פעלים_-_הווה,
1672,ממשיכים,מַמְשִׁיכִים,פעלים - רבים הווה,Mamshichim,"Continue (m, pl)",verb_mamshichim.wav,3,פעלים_-_רבים_הווה,
1673,ממשיכות,מַמְשִׁיכוֹת,פעלים - רבים הווה,Mamshichot,"Continue (f, pl)",verb_mamshichot.wav,3,פעלים_-_רבים_הווה,
1674,עצר,עָצַר,פעלים - עבר,Atzar,Stopped (m),verb_atzar.wav,4,פעלים_-_עבר,
1675,עצרה,עָצְרָה,פעלים - עבר,Atzra,Stopped (f),verb_atzra.wav,4,פעלים_-_עבר,
1676,עצרו,עָצְרוּ,פעלים - עבר,Atzru,Stopped (pl),verb_atzru.wav,4,פעלים_-_עבר,
1677,יעצר,יַעֲצֹר,פעלים - עתיד,Ya'atzor,Will stop (m),verb_yaatzor.wav,4,פעלים_-_עתיד,
1678,תעצר,תַּעֲצֹר,פעלים - עתיד,Ta'atzor,Will stop (f),verb_taatzor.wav,4,פעלים_-_עתיד,
1679,יעצרו,יַעַצְרוּ,פעלים - עתיד,Ya'atzru,Will stop (pl),verb_yaatzru.wav,4,פעלים_-_עתיד,
1680,עוצר,עוֹצֵר,פעלים - הווה,Otzer,Stops (m),verb_otzer.wav,3,פעלים_-_הווה,
1681,עוצרת,עוֹצֶרֶת,פעלים - הווה,Otzeret,Stops (f),verb_otzeret.wav,3,פעלים_-_הווה,
1682,עוצרים,עוֹצְרִים,פעלים - רבים הווה,Otzrim,"Stop (m, pl)",verb_otzrim.wav,3,פעלים_-_רבים_הווה,
1683,עוצרות,עוֹצְרוֹת,פעלים - רבים הווה,Otzrot,"Stop (f, pl)",verb_otzrot.wav,3,פעלים_-_רבים_הווה,
1684,נסה,נִסָּה,פעלים - עבר,Nisa,Tried (m),verb_nisa.wav,4,פעלים_-_עבר,
1685,נסתה,נִסְּתָה,פעלים - עבר,Nista,Tried (f),verb_nista.wav,4,פעלים_-_עבר,
1686,נסו,נִסּוּ,פעלים - עבר,Nisu,Tried (pl),verb_nisu.wav,4,פעלים_-_עבר,
1687,ינסה,יְנַסֶּה,פעלים - עתיד,Yenaseh,Will try (m),verb_yenaseh.wav,4,פעלים_-_עתיד,
1688,תנסה,תְּנַסֶּה,פעלים - עתיד,Tenaseh,Will try (f),verb_tenaseh.wav,4,פעלים_-_עתיד,
1689,ינסו,יְנַסּוּ,פעלים - עתיד,Yenasu,Will try (pl),verb_yenasu.wav,4,פעלים_-_עתיד,
1690,מנסה,מְנַסֶּה,פעלים - הווה,Menaseh,Tries (m),verb_menaseh.wav,3,פעלים_-_הווה,
1691,מנסה,מְנַסָּה,פעלים - הווה,Menasa,Tries (f),verb_menasa.wav,3,פעלים_-_הווה,
1692,מנסים,מְנַסִּים,פעלים - רבים הווה,Menasim,"Try (m, pl)",verb_menasim.wav,3,פעלים_-_רבים_הווה,
1693,מנסות,מְנַסּוֹת,פעלים - רבים הווה,Menasot,"Try (f, pl)",verb_menasot.wav,3,פעלים_-_רבים_הווה,
1694,שנה,שִׁנָּה,פעלים - עבר,Shina,Changed (m),verb_shina.wav,4,פעלים_-_עבר,
1695,שנתה,שִׁנְּתָה,פעלים - עבר,Shinta,Changed (f),verb_shinta.wav,4,פעלים_-_עבר,
1696,שנו,שִׁנּוּ,פעלים - עבר,Shinu,Changed (pl),verb_shinu.wav,4,פעלים_-_עבר,
1697,ישנה,יְשַׁנֶּה,פעלים - עתיד,Yeshaneh,Will change (m),verb_yeshaneh.wav,4,פעלים_-_עתיד,
1698,תשנה,תְּשַׁנֶּה,פעלים - עתיד,Teshaneh,Will change (f),verb_teshaneh.wav,4,פעלים_-_עתיד,
1699,ישנו,יְשַׁנּוּ,פעלים - עתיד,Yeshanu,Will change (pl),verb_yeshanu.wav,4,פעלים_-_עתיד,
1700,משנה,מְשַׁנֶּה,פעלים - הווה,Meshaneh,Changes (m),verb_meshaneh.wav,3,פעלים_-_הווה,
1701,משנה,מְשַׁנָּה,פעלים - הווה,Meshana,Changes (f),verb_meshana.wav,3,פעלים_-_הווה,
1702,משנים,מְשַׁנִּים,פעלים - רבים הווה,Meshanim,"Change (m, pl)",verb_meshanim.wav,3,פעלים_-_רבים_הווה,
1703,משנות,מְשַׁנּוֹת,פעלים - רבים הווה,Meshanot,"Change (f, pl)",verb_meshanot.wav,3,פעלים_-_רבים_הווה,
1704,מאמין,מַאֲמִין,פעלים - הווה,Ma'amin,Believes (m),verb_maamin.wav,3,פעלים_-_הווה,
1705,מאמינה,מַאֲמִינָה,פעלים - הווה,Ma'amina,Believes (f),verb_maamina.wav,3,פעלים_-_הווה,
1706,מאמינים,מַאֲמִינִים,פעלים - רבים הווה,Ma'aminim,"Believe (m, pl)",verb_maaminim.wav,3,פעלים_-_רבים_הווה,
1707,מאמינות,מַאֲמִינוֹת,פעלים - רבים הווה,Ma'aminot,"Believe (f, pl)",verb_maaminot.wav,3,פעלים_-_רבים_הווה,
1708,האמין,הֶאֱמִין,פעלים - עבר,He'emin,Believed (m),verb_heemin.wav,4,פעלים_-_עבר,
1709,האמינה,הֶאֱמִינָה,פעלים - עבר,He'emina,Believed (f),verb_heemina.wav,4,פעלים_-_עבר,
1710,האמינו,הֶאֱמִינוּ,פעלים - עבר,He'eminu,Believed (pl),verb_heeminu.wav,4,פעלים_-_עבר,
1711,יאמין,יַאֲמִין,פעלים - עתיד,Ya'amin,Will believe (m),verb_yaamin.wav,4,פעלים_-_עתיד,
1712,תאמין,תַּאֲמִין,פעלים - עתיד,Ta'amin,Will believe (f),verb_taamin.wav,4,פעלים_-_עתיד,
1713,יאמינו,יַאֲמִינוּ,פעלים - עתיד,Ya'aminu,Will believe (pl),verb_yaaminu.wav,4,פעלים_-_עתיד,
1714,מרגש,מְרַגֵּשׁ,שמות תואר,Meragesh,Exciting (m),adj_meragesh.wav,2,שמות_תואר,
1715,מרגשת,מְרַגֶּשֶׁת,שמות תואר,Merageshet,Exciting (f),adj_merageshet.wav,2,שמות_תואר,
1716,מרגשים,מְרַגְּשִׁים,שמות תואר,Meragshim,"Exciting (m, pl)",adj_meragshim.wav,2,שמות_תואר,
1717,מרגשות,מְרַגְּשׁוֹת,שמות תואר,Meragshot,"Exciting (f, pl)",adj_meragshot.wav,2,שמות_תואר,
1718,מפחיד,מַפְחִיד,שמות תואר,Mafchid,Scary (m),adj_mafchid.wav,2,שמות_תואר,
1719,מפחידה,מַפְחִידָה,שמות תואר,Mafchida,Scary (f),adj_mafchida.wav,2,שמות_תואר,
1720,מפחידים,מַפְחִידִים,שמות תואר,Mafchidim,"Scary (m, pl)",adj_mafchidim.wav,2,שמות_תואר,
1721,מפחידות,מַפְחִידוֹת,שמות תואר,Mafchidot,"Scary (f, pl)",adj_mafchidot.wav,2,שמות_תואר,
1722,מסכן,מְסֻכָּן,שמות תואר,Mesukan,Dangerous (m),adj_mesukan.wav,2,שמות_תואר,
1723,מסכנת,מְסֻכֶּנֶת,שמות תואר,Mesukenet,Dangerous (f),adj_mesukenet.wav,2,שמות_תואר,
1724,מסכנים,מְסֻכָּנִים,שמות תואר,Mesukanim,"Dangerous (m, pl)",adj_mesukanim.wav,2,שמות_תואר,
1725,מסכנות,מְסֻכָּנוֹת,שמות תואר,Mesukanot,"Dangerous (f, pl)",adj_mesukanot.wav,2,שמות_תואר,
1726,נוח,נוֹחַ,שמות תואר,No'ach,Comfortable (m),adj_noach.wav,2,שמות_תואר,
1727,נוחה,נוֹחָה,שמות תואר,Nocha,Comfortable (f),adj_nocha.wav,2,שמות_תואר,
1728,נוחים,נוֹחִים,שמות תואר,Nochim,"Comfortable (m, pl)",adj_nochim.wav,2,שמות_תואר,
1729,נוחות,נוֹחוֹת,שמות תואר,Nochot,"Comfortable (f, pl)",adj_nochot.wav,2,שמות_תואר,
1730,קרוב,קָרוֹב,שמות תואר,Karov,Close/Near (m),adj_karov.wav,2,שמות_תואר,
1731,קרובה,קְרוֹבָה,שמות תואר,Krova,Close/Near (f),adj_krova.wav,2,שמות_תואר,
1732,קרובים,קְרוֹבִים,שמות תואר,Krovim,"Close/Near (m, pl)",adj_krovim.wav,2,שמות_תואר,
1733,קרובות,קְרוֹבוֹת,שמות תואר,Krovot,"Close/Near (f, pl)",adj_krovot.wav,2,שמות_תואר,
1734,רחוק,רָחוֹק,שמות תואר,Rachok,Far (m),adj_rachok.wav,2,שמות_תואר,
1735,רחוקה,רְחוֹקָה,שמות תואר,Rechoka,Far (f),adj_rechoka.wav,2,שמות_תואר,
1736,רחוקים,רְחוֹקִים,שמות תואר,Rechokim,"Far (m, pl)",adj_rechokim.wav,2,שמות_תואר,
1737,רחוקות,רְחוֹקוֹת,שמות תואר,Rechokot,"Far (f, pl)",adj_rechokot.wav,2,שמות_תואר,
1738,שקט,שָׁקֶט,מושגים כלליים,Sheket,Quiet,general_sheket.wav,3,מושגים_כלליים,
1739,רעש,רַעַשׁ,מושגים כלליים,Ra'ash,Noise,general_raash.wav,3,מושגים_כלליים,
1740,מהר,מָהֵר,מושגים כלליים,Maher,Fast/Quickly,general_maher.wav,3,מושגים_כלליים,
1741,לאט,לְאַט,מושגים כלליים,Le'at,Slow/Slowly,general_leat.wav,3,מושגים_כלליים,
1742,בקלות,בְּקַלּוּת,מושגים כלליים,Bekalut,Easily,general_bekalut.wav,3,מושגים_כלליים,
1743,בקשי,בְּקֹשִׁי,מושגים כלליים,Bekoshi,With difficulty,general_bekoshi.wav,3,מושגים_כלליים,
1744,הפתעה,הַפְתָּעָה,מושגים כלליים,Hafta'a,Surprise,general_haftaa.wav,3,מושגים_כלליים,
1745,מזל,מַזָּל,מושגים כלליים,Mazal,Luck,general_mazal.wav,3,מושגים_כלליים,
1746,סוד,סוֹד,מושגים כלליים,Sod,Secret,general_sod.wav,3,מושגים_כלליים,
1747,רזה,רָזֶה,מושגים כלליים,Razeh,Thin (m),adj_razeh.wav,3,מושגים_כלליים,
1748,רזה,רָזָה,שמות תואר,Raza,Thin (f),adj_raza.wav,2,שמות_תואר,
1749,רזים,רָזִים,שמות תואר,Razim,"Thin (m, pl)",adj_razim.wav,2,שמות_תואר,
1750,רזות,רָזוֹת,שמות תואר,Razot,"Thin (f, pl)",adj_razot.wav,2,שמות_תואר,
1751,שמן,שָׁמֵן,שמות תואר,Shamen,Fat (m),adj_shamen.wav,2,שמות_תואר,
1752,שמנה,שְׁמֵנָה,שמות תואר,Shmena,Fat (f),adj_shmena.wav,2,שמות_תואר,
1753,שמנים,שְׁמֵנִים,שמות תואר,Shmenim,"Fat (m, pl)",adj_shmenim.wav,2,שמות_תואר,
1754,שמנות,שְׁמֵנוֹת,שמות תואר,Shmenot,"Fat (f, pl)",adj_shmenot.wav,2,שמות_תואר,
1755,רטב,רָטֹב,שמות תואר,Ratov,Wet (m),adj_ratov.wav,2,שמות_תואר,
1756,רטבה,רְטֻבָּה,שמות תואר,Retuba,Wet (f),adj_retuba.wav,2,שמות_תואר,
1757,רטבים,רְטֻבִּים,שמות תואר,Retubim,"Wet (m, pl)",adj_retubim.wav,2,שמות_תואר,
1758,רטבות,רְטֻבּוֹת,שמות תואר,Retubot,"Wet (f, pl)",adj_retubot.wav,2,שמות_תואר,
1759,יבש,יָבֵשׁ,שמות תואר,Yavesh,Dry (m),adj_yavesh.wav,2,שמות_תואר,
1760,יבשה,יְבֵשָׁה,שמות תואר,Yevesha,Dry (f),adj_yevesha.wav,2,שמות_תואר,
1761,יבשים,יְבֵשִׁים,שמות תואר,Yeveshim,"Dry (m, pl)",adj_yeveshim.wav,2,שמות_תואר,
1762,יבשות,יְבֵשׁוֹת,שמות תואר,Yeveshot,"Dry (f, pl)",adj_yeveshot.wav,2,שמות_תואר,
1763,צעיר,צָעִיר,שמות תואר,Tza'ir,Young (m),adj_tzair.wav,2,שמות_תואר,
1764,צעירה,צְעִירָה,שמות תואר,Tze'ira,Young (f),adj_tzeira.wav,2,שמות_תואר,
1765,צעירים,צְעִירִים,שמות תואר,Tze'irim,"Young (m, pl)",adj_tzeirim.wav,2,שמות_תואר,
1766,צעירות,צְעִירוֹת,שמות תואר,Tze'irot,"Young (f, pl)",adj_tzeirot.wav,2,שמות_תואר,
1767,זקן,זָקֵן,שמות תואר,Zaken,"Old (person, m)",adj_zaken.wav,2,שמות_תואר,
1768,זקנה,זְקֵנָה,שמות תואר,Zkena,"Old (person, f)",adj_zkena.wav,2,שמות_תואר,
1769,זקנים,זְקֵנִים,שמות תואר,Zkenim,"Old (person, m, pl)",adj_zkenim.wav,2,שמות_תואר,
1770,זקנות,זְקֵנוֹת,שמות תואר,Zkenot,"Old (person, f, pl)",adj_zkenot.wav,2,שמות_תואר,
1771,מפתח,מַפְתֵּחַ,שמות עצם,Mafte'ach,Key,noun_mafteach.wav,3,שמות_עצם,
1772,כפתור,כַּפְתּוֹר,שמות עצם,Kaftor,Button,noun_kaftor.wav,3,שמות_עצם,
1773,ריח,רֵיחַ,שמות עצם,Re'ach,Smell,noun_reach.wav,3,שמות_עצם,
1774,טעם,טַעַם,שמות עצם,Ta'am,Taste,noun_taam.wav,3,שמות_עצם,
1775,שמש,שֶׁמֶשׁ,שמות עצם,Shemesh,Sun,noun_shemesh.wav,3,שמות_עצם,
1776,ירח,יָרֵחַ,שמות עצם,Yare'ach,Moon,noun_yareach.wav,3,שמות_עצם,
1777,כוכב,כּוֹכָב,שמות עצם,Kochav,Star,noun_kochav.wav,3,שמות_עצם,
1778,ענן,עָנָן,שמות עצם,Anan,Cloud,noun_anan.wav,3,שמות_עצם,
1779,גשם,גֶּשֶׁם,שמות עצם,Geshem,Rain,noun_geshem.wav,3,שמות_עצם,
1780,שלג,שֶׁלֶג,שמות עצם,Sheleg,Snow,noun_sheleg.wav,3,שמות_עצם,
1781,רוח,רוּחַ,שמות עצם,Ru'ach,Wind,noun_ruach.wav,3,שמות_עצם,
1782,ברד,בָּרָד,שמות עצם,Barad,Hail,noun_barad.wav,3,שמות_עצם,
1783,רעם,רַעַם,שמות עצם,Ra'am,Thunder,noun_raam.wav,3,שמות_עצם,
1784,ברק,בָּרָק,שמות עצם,Barak,Lightning,noun_barak.wav,3,שמות_עצם,
1785,קשת,קֶשֶׁת,שמות עצם,Keshet,Rainbow,noun_keshet.wav,3,שמות_עצם,
1786,ים,יָם,שמות עצם,Yam,Sea,noun_yam.wav,3,שמות_עצם,
1787,חוף,חוֹף,שמות עצם,Chof,Beach,noun_chof.wav,3,שמות_עצם,
1788,גל,גַּל,שמות עצם,Gal,Wave,noun_gal.wav,3,שמות_עצם,
1789,אי,אִי,שמות עצם,I,Island,noun_i.wav,3,שמות_עצם,
1790,נהר,נָהָר,שמות עצם,Nahar,River,noun_nahar.wav,3,שמות_עצם,
1791,אגם,אֲגַם,שמות עצם,Agam,Lake,noun_agam.wav,3,שמות_עצם,
1792,הר,הַר,שמות עצם,Har,Mountain,noun_har.wav,3,שמות_עצם,
1793,גבעה,גִּבְעָה,שמות עצם,Giv'a,Hill,noun_giva.wav,3,שמות_עצם,
1794,עמק,עֵמֶק,שמות עצם,Emek,Valley,noun_emek.wav,3,שמות_עצם,
1795,יער,יַעַר,שמות עצם,Ya'ar,Forest,noun_yaar.wav,3,שמות_עצם,
1796,מדבר,מִדְבָּר,שמות עצם,Midbar,Desert,noun_midbar.wav,3,שמות_עצם,
1797,שדה,שָׂדֶה,שמות עצם,Sadeh,Field,noun_sadeh.wav,3,שמות_עצם,
1798,גנה,גִּנָּה,שמות עצם,Gina,Garden,noun_gina.wav,3,שמות_עצם,
1799,דשא,דֶּשֶׁא,שמות עצם,Deshe,Grass,noun_deshe.wav,3,שמות_עצם,
1800,פרח,פֶּרַח,שמות עצם,Perach,Flower,noun_perach.wav,3,שמות_עצם,
1801,עץ,עֵץ,שמות עצם,Etz,Tree,noun_etz.wav,3,שמות_עצם,
1802,שרש,שֹׁרֶשׁ,שמות עצם,Shoresh,Root,noun_shoresh.wav,3,שמות_עצם,
1803,ענף,עָנָף,שמות עצם,Anaf,Branch,noun_anaf.wav,3,שמות_עצם,
1804,עלה,עָלֶה,שמות עצם,Aleh,Leaf,noun_aleh.wav,3,שמות_עצם,
1805,אבן,אֶבֶן,שמות עצם,Even,Stone,noun_even.wav,3,שמות_עצם,
1806,סלע,סֶלַע,שמות עצם,Sela,Rock,noun_sela.wav,3,שמות_עצם,
1807,חול,חוֹל,שמות עצם,Chol,Sand,noun_chol.wav,3,שמות_עצם,
1808,אדמה,אֲדָמָה,שמות עצם,Adama,Earth/Ground,noun_adama.wav,3,שמות_עצם,
1809,אויר,אֲוִיר,שמות עצם,Avir,Air,noun_avir.wav,3,שמות_עצם,
1810,אש,אֵשׁ,שמות עצם,Esh,Fire,noun_esh.wav,3,שמות_עצם,
1811,עשן,עָשָׁן,שמות עצם,Ashan,Smoke,noun_ashan.wav,3,שמות_עצם,
1812,שלהבת,שַׁלְהֶבֶת,שמות עצם,Shalhevet,Flame,noun_shalhevet.wav,3,שמות_עצם,
1813,חזרה בתשובה,חֲזָרָה בִּתְשׁוּבָה,צירופי מילים,Chazara Bitshuva,Becoming religious,combo_chazara_bitshuva.wav,4,צירופי_מילים,
1814,יציאה בשאלה,יְצִיאָה בִּשְׁאֵלָה,צירופי מילים,Yetzia Bish'ela,Becoming secular,combo_yetzia_bishela.wav,4,צירופי_מילים,
1815,ארח חיים,אֹרַח חַיִּים,צירופי מילים,Orach Chayim,Lifestyle,combo_orach_chayim.wav,4,צירופי_מילים,
1816,בריאות הנפש,בְּרִיאוּת הַנֶּפֶשׁ,צירופי מילים,Bri'ut Hanefesh,Mental health,combo_briut_hanefesh.wav,4,צירופי_מילים,
1817,בריאות הגוף,בְּרִיאוּת הַגּוּף,צירופי מילים,Bri'ut Haguf,Physical health,combo_briut_haguf.wav,4,צירופי_מילים,
1818,כוח רצון,כּוֹחַ רָצוֹן,צירופי מילים,Ko'ach Ratzon,Willpower,combo_koach_ratzon.wav,4,צירופי_מילים,
1819,חסר אונים,חֹסֶר אוֹנִים,צירופי מילים,Choser Onim,Helplessness,combo_choser_onim.wav,4,צירופי_מילים,
1820,דמיון,דִּמְיוֹן,צירופי מילים,Dimyon,Imagination,combo_dimyon.wav,4,צירופי_מילים,
1821,מציאות,מְצִיאוּת,צירופי מילים,Metzi'ut,Reality,combo_metziut.wav,4,צירופי_מילים,
1822,עסק,עֵסֶק,צירופי מילים,Esek,Business,combo_esek.wav,4,צירופי_מילים,
1823,עבודת יד,עֲבוֹדַת יָד,צירופי מילים,Avodat Yad,Handicraft/Manual labor,combo_avodat_yad.wav,4,צירופי_מילים,
1824,בטחון עצמי,בִּטָּחוֹן עַצְמִי,צירופי מילים,Bitachon Atzmi,Self-confidence,combo_bitachon_atzmi.wav,4,צירופי_מילים,
1825,דמוי עצמי,דִּמּוּי עַצְמִי,צירופי מילים,Dimuy Atzmi,Self-image,combo_dimuy_atzmi.wav,4,צירופי_מילים,
1826,הערכה עצמית,הַעֲרָכָה עַצְמִית,צירופי מילים,Ha'aracha Atzmit,Self-esteem,combo_haaracha_atzmit.wav,4,צירופי_מילים,
1827,קבלת החלטות,קַבָּלַת הַחְלָטוֹת,צירופי מילים,Kabalat Hachlatot,Decision making,combo_kabalat_hachlatot.wav,4,צירופי_מילים,
1828,פתרון בעיות,פִּתְרוֹן בְּעָיוֹת,צירופי מילים,Pitron Be'ayot,Problem solving,combo_pitron_beayot.wav,4,צירופי_מילים,
1829,חשיבה יצירתית,חֲשִׁיבָה יְצִירָתִית,צירופי מילים,Chashiva Yetziratit,Creative thinking,combo_chashiva_yetziratit.wav,4,צירופי_מילים,
1830,חשיבה בקרתית,חֲשִׁיבָה בִּקָּרְתִּית,צירופי מילים,Chashiva Bikortit,Critical thinking,combo_chashiva_bikortit.wav,4,צירופי_מילים,
1831,תקשרת,תִּקְשֹׁרֶת,צירופי מילים,Tikshoret,Communication/Media,combo_tikshoret.wav,4,צירופי_מילים,
1832,יחסים,יְחָסִים,צירופי מילים,Yechasim,Relationships,combo_yechasim.wav,4,צירופי_מילים,
1833,קשר,קֶשֶׁר,צירופי מילים,Kesher,Connection/Tie,combo_kesher.wav,4,צירופי_מילים,
1834,חברות,חֲבֵרוּת,צירופי מילים,Chaverut,Friendship,combo_chaverut.wav,4,צירופי_מילים,
1835,משפחה,מִשְׁפָּחָה,צירופי מילים,Mishpacha,Family,combo_mishpacha.wav,4,צירופי_מילים,
1836,זוגיות,זוּגִיּוּת,צירופי מילים,Zugiyut,Couplehood/Relationship,combo_zugiyut.wav,4,צירופי_מילים,
1837,נשואין,נִשּׂוּאִין,צירופי מילים,Nisu'in,Marriage,combo_nisuin.wav,4,צירופי_מילים,
1838,גרושין,גֵּרוּשִׁין,צירופי מילים,Gerushin,Divorce,combo_gerushin.wav,4,צירופי_מילים,
1839,הורות,הוֹרוּת,צירופי מילים,Horut,Parenthood,combo_horut.wav,4,צירופי_מילים,
1840,ילדות,יַלְדוּת,צירופי מילים,Yaldut,Childhood,combo_yaldut.wav,4,צירופי_מילים,
1841,נעורים,נְעוּרִים,צירופי מילים,Ne'urim,Youth/Adolescence,combo_neurim.wav,4,צירופי_מילים,
1842,בגרות,בַּגְרוּת,צירופי מילים,Bagrut,Adulthood/Maturity,combo_bagrut.wav,4,צירופי_מילים,
1843,זקנה,זִקְנָה,צירופי מילים,Zikna,Old age,combo_zikna.wav,4,צירופי_מילים,
1844,אני רעב,אֲנִי רָעֵב,ביטויים,Ani Ra'ev,I'm hungry (m),phrase_ani_raev.wav,4,ביטויים,
1845,אני רעבה,אֲנִי רְעֵבָה,ביטויים,Ani Re'eva,I'm hungry (f),phrase_ani_reeva.wav,4,ביטויים,
1846,אני צמא,אֲנִי צָמֵא,ביטויים,Ani Tzame,I'm thirsty (m),phrase_ani_tzame.wav,4,ביטויים,
1847,אני צמאה,אֲנִי צְמֵאָה,ביטויים,Ani Tzme'a,I'm thirsty (f),phrase_ani_tzmea.wav,4,ביטויים,
1848,אני עיף,אֲנִי עָיֵף,ביטויים,Ani Ayef,I'm tired (m),phrase_ani_ayef.wav,4,ביטויים,
1849,אני עיפה,אֲנִי עֲיֵפָה,ביטויים,Ani Ayefa,I'm tired (f),phrase_ani_ayefa.wav,4,ביטויים,
1850,אני חולה,אֲנִי חוֹלֶה,ביטויים,Ani Choleh,I'm sick (m),phrase_ani_choleh.wav,4,ביטויים,
1851,אני חולה,אֲנִי חוֹלָה,ביטויים,Ani Chola,I'm sick (f),phrase_ani_chola.wav,4,ביטויים,
1852,כואב לי ה...,כּוֹאֵב לִי הַ...,ביטויים,Ko'ev Li Ha...,My ... hurts,phrase_koev_li_ha.wav,4,ביטויים,
1853,בית משפט,בֵּית מִשְׁפָּט,צירופי מילים,Beit Mishpat,Courthouse,combo_beit_mishpat.wav,4,צירופי_מילים,
